mean_fit_time,std_fit_time,mean_score_time,std_score_time,param_estimator__alpha,param_vectorizer__max_df,param_vectorizer__norm,param_vectorizer__smooth_idf,params,split0_test_score,split1_test_score,split2_test_score,split3_test_score,split4_test_score,split5_test_score,split6_test_score,split7_test_score,mean_test_score,std_test_score,rank_test_score
0.4922066032886505,0.013730877444706725,0.06262904405593872,0.008222645914210897,0.0001,0.25,l1,True,"{'estimator__alpha': 0.0001, 'vectorizer__max_df': 0.25, 'vectorizer__norm': 'l1', 'vectorizer__smooth_idf': True}",0.4176285414480588,0.4213903743315508,0.4144527098831031,0.4281081081081082,0.39957939011566773,0.40454076367389064,0.39671120246659813,0.39878542510121456,0.41014956439102396,0.011046706082635515,115
0.4839474856853485,0.012937198871254349,0.0603216290473938,0.00760229339067859,0.0001,0.25,l1,False,"{'estimator__alpha': 0.0001, 'vectorizer__max_df': 0.25, 'vectorizer__norm': 'l1', 'vectorizer__smooth_idf': False}",0.41422594142259417,0.42127659574468085,0.41226215644820297,0.4259459459459459,0.39874081846799575,0.40287769784172656,0.39549180327868855,0.4016227180527383,0.40905545965032164,0.010340674943871676,119
0.47650018334388733,0.011838230631470952,0.058731138706207275,0.0014689895918694037,0.0001,0.25,l2,True,"{'estimator__alpha': 0.0001, 'vectorizer__max_df': 0.25, 'vectorizer__norm': 'l2', 'vectorizer__smooth_idf': True}",0.4203821656050955,0.4233261339092872,0.42299349240780915,0.4281009879253567,0.4086021505376343,0.4050104384133612,0.40168243953732913,0.40287769784172656,0.4141219382722,0.009954192103814857,103
0.47505131363868713,0.0131980800613303,0.05838826298713684,0.0016000736875475664,0.0001,0.25,l2,False,"{'estimator__alpha': 0.0001, 'vectorizer__max_df': 0.25, 'vectorizer__norm': 'l2', 'vectorizer__smooth_idf': False}",0.4194915254237288,0.42286947141316067,0.4199134199134199,0.42450765864332607,0.4086021505376343,0.40376569037656906,0.4008394543546695,0.40287769784172656,0.41285838356302934,0.009182598586603306,107
0.47814810276031494,0.012695295194962554,0.05948019027709961,0.004189278978471262,0.0001,0.25,,True,"{'estimator__alpha': 0.0001, 'vectorizer__max_df': 0.25, 'vectorizer__norm': None, 'vectorizer__smooth_idf': True}",0.41613588110403404,0.42015005359056806,0.4199134199134199,0.42391304347826086,0.40557939914163094,0.4041884816753927,0.3962264150943396,0.4020725388601036,0.4110224041072187,0.009552686501834287,111
0.48754963278770447,0.008597259613566924,0.05956968665122986,0.000928620716040571,0.0001,0.25,,False,"{'estimator__alpha': 0.0001, 'vectorizer__max_df': 0.25, 'vectorizer__norm': None, 'vectorizer__smooth_idf': False}",0.4139387539598733,0.41657810839532405,0.41505376344086026,0.4221980413492928,0.40386680988184753,0.4025157232704402,0.3958115183246073,0.40041279669762636,0.40879693941498396,0.008720644263230791,123
0.503997415304184,0.017296001544369957,0.05982568860054016,0.002387723879684609,0.0001,0.5,l1,True,"{'estimator__alpha': 0.0001, 'vectorizer__max_df': 0.5, 'vectorizer__norm': 'l1', 'vectorizer__smooth_idf': True}",0.4103092783505155,0.41860465116279066,0.4113924050632912,0.41816261879619854,0.39874081846799575,0.4004044489383216,0.39390862944162436,0.392079207920792,0.4054502572676912,0.009849062803785173,127
0.4979410171508789,0.01368900592568914,0.06172177195549011,0.0047495535800680415,0.0001,0.5,l1,False,"{'estimator__alpha': 0.0001, 'vectorizer__max_df': 0.5, 'vectorizer__norm': 'l1', 'vectorizer__smooth_idf': False}",0.40740740740740744,0.41509433962264153,0.4100946372239748,0.4172813487881981,0.3970741901776385,0.39959636730575177,0.39311043566362724,0.3924677898909812,0.4040158145100276,0.009132120021347102,130
0.4999251663684845,0.016999368997120984,0.06279125809669495,0.004044504220672543,0.0001,0.5,l2,True,"{'estimator__alpha': 0.0001, 'vectorizer__max_df': 0.5, 'vectorizer__norm': 'l2', 'vectorizer__smooth_idf': True}",0.41816261879619854,0.42320085929108486,0.416221985058698,0.421505376344086,0.4004214963119073,0.4033092037228542,0.40208333333333335,0.39717741935483875,0.41026028652662516,0.009842779683320521,112
0.5115416049957275,0.008427692244957286,0.06391790509223938,0.0030752748043290533,0.0001,0.5,l2,False,"{'estimator__alpha': 0.0001, 'vectorizer__max_df': 0.5, 'vectorizer__norm': 'l2', 'vectorizer__smooth_idf': False}",0.416403785488959,0.4227467811158798,0.415335463258786,0.41800643086816724,0.4004214963119073,0.40372670807453415,0.40208333333333335,0.3975782038345106,0.4095377752857597,0.008961210457568715,116
0.5203350186347961,0.01129647611478894,0.060221582651138306,0.002409876503562551,0.0001,0.5,,True,"{'estimator__alpha': 0.0001, 'vectorizer__max_df': 0.5, 'vectorizer__norm': None, 'vectorizer__smooth_idf': True}",0.4151738672286618,0.41702127659574467,0.41541755888650966,0.4198062432723359,0.4042553191489362,0.40208333333333335,0.39874739039665974,0.39918116683725696,0.40896076946242976,0.008156921299862478,120
0.5197517275810242,0.01634599300374545,0.06187450885772705,0.004679181411300678,0.0001,0.5,,False,"{'estimator__alpha': 0.0001, 'vectorizer__max_df': 0.5, 'vectorizer__norm': None, 'vectorizer__smooth_idf': False}",0.41386554621848737,0.4143763213530655,0.4110756123535676,0.41810344827586204,0.40170031880977686,0.4,0.395010395010395,0.3983656792645557,0.40656216516071375,0.008179992126895054,124
0.5269952118396759,0.011053470396812537,0.06540998816490173,0.009343984939651028,0.0001,0.75,l1,True,"{'estimator__alpha': 0.0001, 'vectorizer__max_df': 0.75, 'vectorizer__norm': 'l1', 'vectorizer__smooth_idf': True}",0.4103092783505155,0.41860465116279066,0.4113924050632912,0.41816261879619854,0.39874081846799575,0.4004044489383216,0.39390862944162436,0.392079207920792,0.4054502572676912,0.009849062803785173,127
0.5230970978736877,0.01150551579086721,0.06975343823432922,0.010731116325687847,0.0001,0.75,l1,False,"{'estimator__alpha': 0.0001, 'vectorizer__max_df': 0.75, 'vectorizer__norm': 'l1', 'vectorizer__smooth_idf': False}",0.40740740740740744,0.41509433962264153,0.4100946372239748,0.4172813487881981,0.3970741901776385,0.39959636730575177,0.39311043566362724,0.3924677898909812,0.4040158145100276,0.009132120021347102,130
0.5126436948776245,0.013746632478518461,0.06274107098579407,0.0089633827620299,0.0001,0.75,l2,True,"{'estimator__alpha': 0.0001, 'vectorizer__max_df': 0.75, 'vectorizer__norm': 'l2', 'vectorizer__smooth_idf': True}",0.41816261879619854,0.42320085929108486,0.416221985058698,0.421505376344086,0.4004214963119073,0.4033092037228542,0.40208333333333335,0.39717741935483875,0.41026028652662516,0.009842779683320521,112
0.5113717019557953,0.015706317644998108,0.06502705812454224,0.008952240024612685,0.0001,0.75,l2,False,"{'estimator__alpha': 0.0001, 'vectorizer__max_df': 0.75, 'vectorizer__norm': 'l2', 'vectorizer__smooth_idf': False}",0.416403785488959,0.4227467811158798,0.415335463258786,0.41800643086816724,0.4004214963119073,0.40372670807453415,0.40208333333333335,0.3975782038345106,0.4095377752857597,0.008961210457568715,116
0.5113294720649719,0.02348885998728844,0.06389892101287842,0.004188371871547703,0.0001,0.75,,True,"{'estimator__alpha': 0.0001, 'vectorizer__max_df': 0.75, 'vectorizer__norm': None, 'vectorizer__smooth_idf': True}",0.4151738672286618,0.41702127659574467,0.41541755888650966,0.4198062432723359,0.4042553191489362,0.40208333333333335,0.39874739039665974,0.39918116683725696,0.40896076946242976,0.008156921299862478,120
0.5104135572910309,0.014931922168440274,0.06111392378807068,0.0019611326487285734,0.0001,0.75,,False,"{'estimator__alpha': 0.0001, 'vectorizer__max_df': 0.75, 'vectorizer__norm': None, 'vectorizer__smooth_idf': False}",0.41386554621848737,0.4143763213530655,0.4110756123535676,0.41810344827586204,0.40170031880977686,0.4,0.395010395010395,0.3983656792645557,0.40656216516071375,0.008179992126895054,124
0.5215731561183929,0.015664320117510993,0.061640650033950806,0.004196759408578757,0.0001,1.0,l1,True,"{'estimator__alpha': 0.0001, 'vectorizer__max_df': 1.0, 'vectorizer__norm': 'l1', 'vectorizer__smooth_idf': True}",0.4103092783505155,0.41860465116279066,0.4113924050632912,0.41816261879619854,0.39874081846799575,0.4004044489383216,0.39390862944162436,0.392079207920792,0.4054502572676912,0.009849062803785173,127
0.5053302347660065,0.0193286165761959,0.06338149309158325,0.0069007949047408266,0.0001,1.0,l1,False,"{'estimator__alpha': 0.0001, 'vectorizer__max_df': 1.0, 'vectorizer__norm': 'l1', 'vectorizer__smooth_idf': False}",0.40740740740740744,0.41509433962264153,0.4100946372239748,0.4172813487881981,0.3970741901776385,0.39959636730575177,0.39311043566362724,0.3924677898909812,0.4040158145100276,0.009132120021347102,130
0.5149952173233032,0.021866638856035472,0.06573975086212158,0.007937079222134031,0.0001,1.0,l2,True,"{'estimator__alpha': 0.0001, 'vectorizer__max_df': 1.0, 'vectorizer__norm': 'l2', 'vectorizer__smooth_idf': True}",0.41816261879619854,0.42320085929108486,0.416221985058698,0.421505376344086,0.4004214963119073,0.4033092037228542,0.40208333333333335,0.39717741935483875,0.41026028652662516,0.009842779683320521,112
0.5117559134960175,0.0148915902125365,0.061302632093429565,0.002796636419997117,0.0001,1.0,l2,False,"{'estimator__alpha': 0.0001, 'vectorizer__max_df': 1.0, 'vectorizer__norm': 'l2', 'vectorizer__smooth_idf': False}",0.416403785488959,0.4227467811158798,0.415335463258786,0.41800643086816724,0.4004214963119073,0.40372670807453415,0.40208333333333335,0.3975782038345106,0.4095377752857597,0.008961210457568715,116
0.5069643259048462,0.02131950350931403,0.06201732158660889,0.002648465389350926,0.0001,1.0,,True,"{'estimator__alpha': 0.0001, 'vectorizer__max_df': 1.0, 'vectorizer__norm': None, 'vectorizer__smooth_idf': True}",0.4151738672286618,0.41702127659574467,0.41541755888650966,0.4198062432723359,0.4042553191489362,0.40208333333333335,0.39874739039665974,0.39918116683725696,0.40896076946242976,0.008156921299862478,120
0.5064147412776947,0.022235252738072697,0.060398489236831665,0.00583053063909571,0.0001,1.0,,False,"{'estimator__alpha': 0.0001, 'vectorizer__max_df': 1.0, 'vectorizer__norm': None, 'vectorizer__smooth_idf': False}",0.41386554621848737,0.4143763213530655,0.4110756123535676,0.41810344827586204,0.40170031880977686,0.4,0.395010395010395,0.3983656792645557,0.40656216516071375,0.008179992126895054,124
0.5028074383735657,0.012656436891431717,0.06082510948181152,0.003400106597097911,0.001,0.25,l1,True,"{'estimator__alpha': 0.001, 'vectorizer__max_df': 0.25, 'vectorizer__norm': 'l1', 'vectorizer__smooth_idf': True}",0.432258064516129,0.4270152505446623,0.4207119741100323,0.4415011037527594,0.40768409818569906,0.4134312696747114,0.4139387539598733,0.406570841889117,0.42038891957912294,0.011581120599956848,87
0.5073142945766449,0.016774232047265452,0.059935152530670166,0.0017493064813029092,0.001,0.25,l1,False,"{'estimator__alpha': 0.001, 'vectorizer__max_df': 0.25, 'vectorizer__norm': 'l1', 'vectorizer__smooth_idf': False}",0.43057050592034446,0.4282608695652174,0.4193548387096774,0.4405286343612335,0.40638297872340423,0.4113326337880378,0.4096638655462185,0.40490797546012264,0.41887528775928196,0.012180159009001018,91
0.5093729496002197,0.013096825919206497,0.062176913022994995,0.005999591538943904,0.001,0.25,l2,True,"{'estimator__alpha': 0.001, 'vectorizer__max_df': 0.25, 'vectorizer__norm': 'l2', 'vectorizer__smooth_idf': True}",0.4335511982570806,0.4293537787513692,0.42872928176795577,0.44,0.4156692056583242,0.41320553780617675,0.4111349036402569,0.41127348643006273,0.42286467403890327,0.010614495520338678,78
0.5028340220451355,0.02192320014044917,0.06012830138206482,0.0011835682707742833,0.001,0.25,l2,False,"{'estimator__alpha': 0.001, 'vectorizer__max_df': 0.25, 'vectorizer__norm': 'l2', 'vectorizer__smooth_idf': False}",0.429035752979415,0.42888402625820565,0.4268426842684268,0.4409799554565701,0.4134929270946682,0.4106382978723404,0.4106951871657754,0.410844629822732,0.4214266826147667,0.010791501497923052,83
0.499440461397171,0.00865957329428751,0.06026738882064819,0.001536077047946162,0.001,0.25,,True,"{'estimator__alpha': 0.001, 'vectorizer__max_df': 0.25, 'vectorizer__norm': None, 'vectorizer__smooth_idf': True}",0.4227467811158798,0.42562432138979367,0.42417582417582417,0.42872928176795577,0.4090909090909091,0.4050901378579003,0.40803382663847787,0.4058577405857741,0.4161686028278143,0.009353367647632583,95
0.49679046869277954,0.014365433679006572,0.06080275774002075,0.0020740395574610072,0.001,0.25,,False,"{'estimator__alpha': 0.001, 'vectorizer__max_df': 0.25, 'vectorizer__norm': None, 'vectorizer__smooth_idf': False}",0.42015005359056806,0.4233261339092872,0.4227820372398685,0.42731277533039647,0.40864864864864864,0.4067439409905163,0.40506329113924056,0.40416666666666673,0.41477419343939903,0.008889640441471301,99
0.5114952921867371,0.01990382407848702,0.06484553217887878,0.004848277875627833,0.001,0.5,l1,True,"{'estimator__alpha': 0.001, 'vectorizer__max_df': 0.5, 'vectorizer__norm': 'l1', 'vectorizer__smooth_idf': True}",0.4258474576271187,0.4241119483315393,0.41845493562231756,0.4314994606256743,0.40638297872340423,0.4077868852459017,0.4096133751306165,0.399197592778335,0.4153618292606134,0.010540577775734769,96
0.5036686956882477,0.019950383235064595,0.05882135033607483,0.002480375707534515,0.001,0.5,l1,False,"{'estimator__alpha': 0.001, 'vectorizer__max_df': 0.5, 'vectorizer__norm': 'l1', 'vectorizer__smooth_idf': False}",0.4249471458773784,0.42320085929108486,0.41666666666666663,0.43057050592034446,0.4046610169491526,0.40740740740740744,0.4095634095634096,0.3979999999999999,0.4143771264594305,0.01055588114162537,100
0.5108993947505951,0.02645467743831001,0.06267762184143066,0.0035490215028438276,0.001,0.5,l2,True,"{'estimator__alpha': 0.001, 'vectorizer__max_df': 0.5, 'vectorizer__norm': 'l2', 'vectorizer__smooth_idf': True}",0.42934196332254587,0.4287268770402612,0.42391304347826086,0.4335511982570806,0.40899357601713054,0.4097148891235481,0.4118895966029724,0.40573770491803274,0.41898360609497903,0.010309156557394753,88
0.4961192011833191,0.015675437760790722,0.0666441023349762,0.009793633472472696,0.001,0.5,l2,False,"{'estimator__alpha': 0.001, 'vectorizer__max_df': 0.5, 'vectorizer__norm': 'l2', 'vectorizer__smooth_idf': False}",0.4267241379310345,0.42733188720173537,0.4220779220779221,0.43449781659388653,0.4081196581196581,0.40799158780231337,0.4118895966029724,0.406570841889117,0.41815043102732996,0.010109236008856517,92
0.5068134069442749,0.017367375943704466,0.059678107500076294,0.0031530288582039025,0.001,0.5,,True,"{'estimator__alpha': 0.001, 'vectorizer__max_df': 0.5, 'vectorizer__norm': None, 'vectorizer__smooth_idf': True}",0.42127659574468085,0.42286947141316067,0.4195652173913044,0.4240437158469946,0.40816326530612246,0.4046364594309799,0.40842105263157896,0.40372670807453415,0.4140878107299195,0.008076285503045084,104
0.5065042972564697,0.014690350713014735,0.06395426392555237,0.006183214357079894,0.001,0.5,,False,"{'estimator__alpha': 0.001, 'vectorizer__max_df': 0.5, 'vectorizer__norm': None, 'vectorizer__smooth_idf': False}",0.41959531416400425,0.4210526315789474,0.4182015167930661,0.4226579520697168,0.40598290598290593,0.4058885383806519,0.4050367261280167,0.4016477857878476,0.41250792136064457,0.008053234764569742,108
0.5075584053993225,0.02057913506149872,0.06841200590133667,0.009439022931043812,0.001,0.75,l1,True,"{'estimator__alpha': 0.001, 'vectorizer__max_df': 0.75, 'vectorizer__norm': 'l1', 'vectorizer__smooth_idf': True}",0.4258474576271187,0.4241119483315393,0.41845493562231756,0.4314994606256743,0.40638297872340423,0.4077868852459017,0.4096133751306165,0.399197592778335,0.4153618292606134,0.010540577775734769,96
0.5144851803779602,0.01674418000420033,0.06100589036941528,0.003315900633677074,0.001,0.75,l1,False,"{'estimator__alpha': 0.001, 'vectorizer__max_df': 0.75, 'vectorizer__norm': 'l1', 'vectorizer__smooth_idf': False}",0.4249471458773784,0.42320085929108486,0.41666666666666663,0.43057050592034446,0.4046610169491526,0.40740740740740744,0.4095634095634096,0.3979999999999999,0.4143771264594305,0.01055588114162537,100
0.5178032219409943,0.011756697602323746,0.0659896731376648,0.009765279275117156,0.001,0.75,l2,True,"{'estimator__alpha': 0.001, 'vectorizer__max_df': 0.75, 'vectorizer__norm': 'l2', 'vectorizer__smooth_idf': True}",0.42934196332254587,0.4287268770402612,0.42391304347826086,0.4335511982570806,0.40899357601713054,0.4097148891235481,0.4118895966029724,0.40573770491803274,0.41898360609497903,0.010309156557394753,88
0.5161236226558685,0.016781287662715073,0.0596194863319397,0.001687789272787792,0.001,0.75,l2,False,"{'estimator__alpha': 0.001, 'vectorizer__max_df': 0.75, 'vectorizer__norm': 'l2', 'vectorizer__smooth_idf': False}",0.4267241379310345,0.42733188720173537,0.4220779220779221,0.43449781659388653,0.4081196581196581,0.40799158780231337,0.4118895966029724,0.406570841889117,0.41815043102732996,0.010109236008856517,92
0.5034845173358917,0.01415224251678665,0.06272882223129272,0.008127701946683746,0.001,0.75,,True,"{'estimator__alpha': 0.001, 'vectorizer__max_df': 0.75, 'vectorizer__norm': None, 'vectorizer__smooth_idf': True}",0.42127659574468085,0.42286947141316067,0.4195652173913044,0.4240437158469946,0.40816326530612246,0.4046364594309799,0.40842105263157896,0.40372670807453415,0.4140878107299195,0.008076285503045084,104
0.5027885437011719,0.017747146954243342,0.06167572736740112,0.005182837925162278,0.001,0.75,,False,"{'estimator__alpha': 0.001, 'vectorizer__max_df': 0.75, 'vectorizer__norm': None, 'vectorizer__smooth_idf': False}",0.41959531416400425,0.4210526315789474,0.4182015167930661,0.4226579520697168,0.40598290598290593,0.4058885383806519,0.4050367261280167,0.4016477857878476,0.41250792136064457,0.008053234764569742,108
0.6706199645996094,0.18406724517667775,0.10654541850090027,0.07422907788364899,0.001,1.0,l1,True,"{'estimator__alpha': 0.001, 'vectorizer__max_df': 1.0, 'vectorizer__norm': 'l1', 'vectorizer__smooth_idf': True}",0.4258474576271187,0.4241119483315393,0.41845493562231756,0.4314994606256743,0.40638297872340423,0.4077868852459017,0.4096133751306165,0.399197592778335,0.4153618292606134,0.010540577775734769,96
0.5170115232467651,0.022832380165389153,0.06156027317047119,0.0026718148801033797,0.001,1.0,l1,False,"{'estimator__alpha': 0.001, 'vectorizer__max_df': 1.0, 'vectorizer__norm': 'l1', 'vectorizer__smooth_idf': False}",0.4249471458773784,0.42320085929108486,0.41666666666666663,0.43057050592034446,0.4046610169491526,0.40740740740740744,0.4095634095634096,0.3979999999999999,0.4143771264594305,0.01055588114162537,100
0.49911579489707947,0.01752798443240159,0.058826714754104614,0.0021780981087412108,0.001,1.0,l2,True,"{'estimator__alpha': 0.001, 'vectorizer__max_df': 1.0, 'vectorizer__norm': 'l2', 'vectorizer__smooth_idf': True}",0.42934196332254587,0.4287268770402612,0.42391304347826086,0.4335511982570806,0.40899357601713054,0.4097148891235481,0.4118895966029724,0.40573770491803274,0.41898360609497903,0.010309156557394753,88
0.499889612197876,0.009633728212551325,0.0669134259223938,0.007690663425356723,0.001,1.0,l2,False,"{'estimator__alpha': 0.001, 'vectorizer__max_df': 1.0, 'vectorizer__norm': 'l2', 'vectorizer__smooth_idf': False}",0.4267241379310345,0.42733188720173537,0.4220779220779221,0.43449781659388653,0.4081196581196581,0.40799158780231337,0.4118895966029724,0.406570841889117,0.41815043102732996,0.010109236008856517,92
0.5092055201530457,0.017028171799108482,0.06532672047615051,0.009623153419691322,0.001,1.0,,True,"{'estimator__alpha': 0.001, 'vectorizer__max_df': 1.0, 'vectorizer__norm': None, 'vectorizer__smooth_idf': True}",0.42127659574468085,0.42286947141316067,0.4195652173913044,0.4240437158469946,0.40816326530612246,0.4046364594309799,0.40842105263157896,0.40372670807453415,0.4140878107299195,0.008076285503045084,104
0.6362110674381256,0.19055987708859876,0.09401381015777588,0.038589426663369814,0.001,1.0,,False,"{'estimator__alpha': 0.001, 'vectorizer__max_df': 1.0, 'vectorizer__norm': None, 'vectorizer__smooth_idf': False}",0.41959531416400425,0.4210526315789474,0.4182015167930661,0.4226579520697168,0.40598290598290593,0.4058885383806519,0.4050367261280167,0.4016477857878476,0.41250792136064457,0.008053234764569742,108
0.9311235249042511,0.10388556477860343,0.1265878677368164,0.011446955733514202,0.01,0.25,l1,True,"{'estimator__alpha': 0.01, 'vectorizer__max_df': 0.25, 'vectorizer__norm': 'l1', 'vectorizer__smooth_idf': True}",0.45089285714285715,0.4575311438278596,0.42998897464167585,0.46720368239355575,0.43249176728869376,0.4310344827586207,0.42626480086114105,0.425531914893617,0.4401174529760026,0.015003671148305394,50
0.8397211134433746,0.12415486686274009,0.09761252999305725,0.04072635872892171,0.01,0.25,l1,False,"{'estimator__alpha': 0.01, 'vectorizer__max_df': 0.25, 'vectorizer__norm': 'l1', 'vectorizer__smooth_idf': False}",0.45089285714285715,0.4606613454960091,0.4285714285714286,0.4666666666666666,0.432967032967033,0.42934196332254587,0.4279569892473118,0.42462845010615713,0.44021084169000113,0.015537407610088547,49
0.7946327328681946,0.11041934713326601,0.11043423414230347,0.02827146000120756,0.01,0.25,l2,True,"{'estimator__alpha': 0.01, 'vectorizer__max_df': 0.25, 'vectorizer__norm': 'l2', 'vectorizer__smooth_idf': True}",0.45240761478163494,0.4482366325369739,0.43468468468468474,0.4626006904487917,0.4312849162011173,0.4270152505446623,0.4276315789473684,0.4244372990353698,0.4385373333975754,0.013150340117998127,54
0.8675691485404968,0.1828498895682412,0.12518739700317383,0.050685198295454,0.01,0.25,l2,False,"{'estimator__alpha': 0.01, 'vectorizer__max_df': 0.25, 'vectorizer__norm': 'l2', 'vectorizer__smooth_idf': False}",0.45089285714285715,0.4489795918367347,0.43595505617977526,0.4626006904487917,0.43176733780760623,0.42779587404994573,0.42529989094874593,0.4252136752136752,0.4385631217035165,0.013044966727789042,53
0.5042989253997803,0.013165920255011591,0.06070944666862488,0.002409701999939761,0.01,0.25,,True,"{'estimator__alpha': 0.01, 'vectorizer__max_df': 0.25, 'vectorizer__norm': None, 'vectorizer__smooth_idf': True}",0.4351648351648352,0.43249176728869376,0.43080357142857145,0.43400447427293065,0.41712403951701427,0.4129729729729729,0.4177489177489177,0.4135737009544009,0.4242355349185421,0.00907851743635957,77
0.5013444721698761,0.014590217299274904,0.060563862323760986,0.001517553840405578,0.01,0.25,,False,"{'estimator__alpha': 0.01, 'vectorizer__max_df': 0.25, 'vectorizer__norm': None, 'vectorizer__smooth_idf': False}",0.42966194111232275,0.4315443592552026,0.4288888888888889,0.43111111111111117,0.41484716157205237,0.41334768568353064,0.4146868250539957,0.41313559322033894,0.4221529457371804,0.008201890085285537,79
0.5064863860607147,0.021462959152605633,0.060162514448165894,0.0017227511225921975,0.01,0.5,l1,True,"{'estimator__alpha': 0.01, 'vectorizer__max_df': 0.5, 'vectorizer__norm': 'l1', 'vectorizer__smooth_idf': True}",0.4422657952069718,0.45291479820627806,0.4312431243124312,0.45842696629213486,0.4301310043668122,0.4240506329113924,0.423404255319149,0.4170124481327801,0.43493112809349366,0.013866505361961408,57
0.5019177198410034,0.009259859493904829,0.061025023460388184,0.005302664661818286,0.01,0.5,l1,False,"{'estimator__alpha': 0.01, 'vectorizer__max_df': 0.5, 'vectorizer__norm': 'l1', 'vectorizer__smooth_idf': False}",0.4437158469945354,0.45291479820627806,0.4298245614035087,0.45566778900112237,0.4301310043668122,0.4249471458773784,0.42507970244420834,0.4157187176835574,0.4347499457471751,0.013441054549766808,60
0.5010080933570862,0.011713392519586304,0.062485456466674805,0.005351425076287231,0.01,0.5,l2,True,"{'estimator__alpha': 0.01, 'vectorizer__max_df': 0.5, 'vectorizer__norm': 'l2', 'vectorizer__smooth_idf': True}",0.44789356984478934,0.44847112117780297,0.4279379157427938,0.45342312008978675,0.4205914567360351,0.4241119483315393,0.42779587404994573,0.4185068349106204,0.43359148011041415,0.01309202010905698,66
0.5119891464710236,0.018541260934111622,0.05980268120765686,0.002464113035086424,0.01,0.5,l2,False,"{'estimator__alpha': 0.01, 'vectorizer__max_df': 0.5, 'vectorizer__norm': 'l2', 'vectorizer__smooth_idf': False}",0.44739756367663347,0.4492099322799097,0.4296788482834994,0.4521934758155231,0.419672131147541,0.4253490870032224,0.4250269687162891,0.42016806722689076,0.4335870092686886,0.01280190880431549,69
0.499484121799469,0.013561480995846805,0.06476452946662903,0.009625541640791529,0.01,0.5,,True,"{'estimator__alpha': 0.01, 'vectorizer__max_df': 0.5, 'vectorizer__norm': None, 'vectorizer__smooth_idf': True}",0.43402399127589975,0.4301310043668122,0.4265193370165745,0.4282560706401767,0.41703056768558955,0.41075268817204297,0.41810344827586204,0.4109014675052411,0.42196482186727485,0.008365108673016656,80
0.49319764971733093,0.017702979738128302,0.060781508684158325,0.005401159410509787,0.01,0.5,,False,"{'estimator__alpha': 0.01, 'vectorizer__max_df': 0.5, 'vectorizer__norm': None, 'vectorizer__smooth_idf': False}",0.42996742671009774,0.42919389978213507,0.42417582417582417,0.42731277533039647,0.41386782231852653,0.4120171673819742,0.4163090128755364,0.4104712041884817,0.42041439159537153,0.007576017845362365,84
0.5086653530597687,0.021265937895170343,0.062325477600097656,0.004372792107318841,0.01,0.75,l1,True,"{'estimator__alpha': 0.01, 'vectorizer__max_df': 0.75, 'vectorizer__norm': 'l1', 'vectorizer__smooth_idf': True}",0.4422657952069718,0.45291479820627806,0.4312431243124312,0.45842696629213486,0.4301310043668122,0.4240506329113924,0.423404255319149,0.4170124481327801,0.43493112809349366,0.013866505361961408,57
0.5078390538692474,0.011560243639215761,0.059525489807128906,0.0021146260915422686,0.01,0.75,l1,False,"{'estimator__alpha': 0.01, 'vectorizer__max_df': 0.75, 'vectorizer__norm': 'l1', 'vectorizer__smooth_idf': False}",0.4437158469945354,0.45291479820627806,0.4298245614035087,0.45566778900112237,0.4301310043668122,0.4249471458773784,0.42507970244420834,0.4157187176835574,0.4347499457471751,0.013441054549766808,60
0.5005268752574921,0.01466014842622112,0.06478670239448547,0.007043494468055779,0.01,0.75,l2,True,"{'estimator__alpha': 0.01, 'vectorizer__max_df': 0.75, 'vectorizer__norm': 'l2', 'vectorizer__smooth_idf': True}",0.44789356984478934,0.44847112117780297,0.4279379157427938,0.45342312008978675,0.4205914567360351,0.4241119483315393,0.42779587404994573,0.4185068349106204,0.43359148011041415,0.01309202010905698,66
0.5079395473003387,0.018326549566885182,0.061973512172698975,0.005366313604382427,0.01,0.75,l2,False,"{'estimator__alpha': 0.01, 'vectorizer__max_df': 0.75, 'vectorizer__norm': 'l2', 'vectorizer__smooth_idf': False}",0.44739756367663347,0.4492099322799097,0.4296788482834994,0.4521934758155231,0.419672131147541,0.4253490870032224,0.4250269687162891,0.42016806722689076,0.4335870092686886,0.01280190880431549,69
0.5193718671798706,0.029125966905061917,0.061993420124053955,0.0027506266916382223,0.01,0.75,,True,"{'estimator__alpha': 0.01, 'vectorizer__max_df': 0.75, 'vectorizer__norm': None, 'vectorizer__smooth_idf': True}",0.43402399127589975,0.4301310043668122,0.4265193370165745,0.4282560706401767,0.41703056768558955,0.41075268817204297,0.41810344827586204,0.4109014675052411,0.42196482186727485,0.008365108673016656,80
0.5017735660076141,0.016111257331349577,0.06137475371360779,0.0019785254201867748,0.01,0.75,,False,"{'estimator__alpha': 0.01, 'vectorizer__max_df': 0.75, 'vectorizer__norm': None, 'vectorizer__smooth_idf': False}",0.42996742671009774,0.42919389978213507,0.42417582417582417,0.42731277533039647,0.41386782231852653,0.4120171673819742,0.4163090128755364,0.4104712041884817,0.42041439159537153,0.007576017845362365,84
0.5033542811870575,0.019264505343550706,0.06216594576835632,0.007958506941264551,0.01,1.0,l1,True,"{'estimator__alpha': 0.01, 'vectorizer__max_df': 1.0, 'vectorizer__norm': 'l1', 'vectorizer__smooth_idf': True}",0.4422657952069718,0.45291479820627806,0.4312431243124312,0.45842696629213486,0.4301310043668122,0.4240506329113924,0.423404255319149,0.4170124481327801,0.43493112809349366,0.013866505361961408,57
0.49029234051704407,0.019785052053642387,0.06749570369720459,0.012410181331821955,0.01,1.0,l1,False,"{'estimator__alpha': 0.01, 'vectorizer__max_df': 1.0, 'vectorizer__norm': 'l1', 'vectorizer__smooth_idf': False}",0.4437158469945354,0.45291479820627806,0.4298245614035087,0.45566778900112237,0.4301310043668122,0.4249471458773784,0.42507970244420834,0.4157187176835574,0.4347499457471751,0.013441054549766808,60
0.5112068951129913,0.024274793549702165,0.06449571251869202,0.008486231037069634,0.01,1.0,l2,True,"{'estimator__alpha': 0.01, 'vectorizer__max_df': 1.0, 'vectorizer__norm': 'l2', 'vectorizer__smooth_idf': True}",0.44789356984478934,0.44847112117780297,0.4279379157427938,0.45342312008978675,0.4205914567360351,0.4241119483315393,0.42779587404994573,0.4185068349106204,0.43359148011041415,0.01309202010905698,66
0.7601861357688904,0.15552350485626332,0.11950570344924927,0.020326583021545015,0.01,1.0,l2,False,"{'estimator__alpha': 0.01, 'vectorizer__max_df': 1.0, 'vectorizer__norm': 'l2', 'vectorizer__smooth_idf': False}",0.44739756367663347,0.4492099322799097,0.4296788482834994,0.4521934758155231,0.419672131147541,0.4253490870032224,0.4250269687162891,0.42016806722689076,0.4335870092686886,0.01280190880431549,69
0.7547121047973633,0.05283455556747431,0.08865264058113098,0.023720943642884386,0.01,1.0,,True,"{'estimator__alpha': 0.01, 'vectorizer__max_df': 1.0, 'vectorizer__norm': None, 'vectorizer__smooth_idf': True}",0.43402399127589975,0.4301310043668122,0.4265193370165745,0.4282560706401767,0.41703056768558955,0.41075268817204297,0.41810344827586204,0.4109014675052411,0.42196482186727485,0.008365108673016656,80
0.9096371233463287,0.1962811977367942,0.14001858234405518,0.04934739177143934,0.01,1.0,,False,"{'estimator__alpha': 0.01, 'vectorizer__max_df': 1.0, 'vectorizer__norm': None, 'vectorizer__smooth_idf': False}",0.42996742671009774,0.42919389978213507,0.42417582417582417,0.42731277533039647,0.41386782231852653,0.4120171673819742,0.4163090128755364,0.4104712041884817,0.42041439159537153,0.007576017845362365,84
0.7816421389579773,0.09156068997294672,0.09801796078681946,0.020709038506584298,0.1,0.25,l1,True,"{'estimator__alpha': 0.1, 'vectorizer__max_df': 0.25, 'vectorizer__norm': 'l1', 'vectorizer__smooth_idf': True}",0.4696449026345933,0.4821002386634845,0.46315789473684216,0.4856459330143541,0.4530011325028313,0.45909090909090905,0.44789356984478934,0.4606613454960091,0.4651494907479766,0.012418768341423301,3
0.7834325730800629,0.059215432365926364,0.0961020290851593,0.02619566448828428,0.1,0.25,l1,False,"{'estimator__alpha': 0.1, 'vectorizer__max_df': 0.25, 'vectorizer__norm': 'l1', 'vectorizer__smooth_idf': False}",0.4701834862385322,0.48390941597139453,0.4615384615384615,0.48448687350835323,0.45227272727272727,0.4585698070374574,0.44789356984478934,0.46136363636363636,0.46502724722191896,0.012675434095562637,4
0.7535962760448456,0.10064240130937038,0.09637418389320374,0.03301214551844704,0.1,0.25,l2,True,"{'estimator__alpha': 0.1, 'vectorizer__max_df': 0.25, 'vectorizer__norm': 'l2', 'vectorizer__smooth_idf': True}",0.47596717467760846,0.4793388429752066,0.46189917936694025,0.48259303721488594,0.4670520231213873,0.44819819819819817,0.4454342984409799,0.44866071428571425,0.4636429335351151,0.013993653150741681,6
0.49036705493927,0.015612395769838076,0.059305548667907715,0.0022730303768666586,0.1,0.25,l2,False,"{'estimator__alpha': 0.1, 'vectorizer__max_df': 0.25, 'vectorizer__norm': 'l2', 'vectorizer__smooth_idf': False}",0.47485380116959075,0.4793388429752066,0.4624413145539906,0.4844124700239808,0.4675925925925926,0.4457013574660633,0.4441964285714285,0.44816053511705684,0.4633371678087388,0.014830230500408891,7
0.5003188848495483,0.01235251046581385,0.06203961372375488,0.0029345066498640774,0.1,0.25,,True,"{'estimator__alpha': 0.1, 'vectorizer__max_df': 0.25, 'vectorizer__norm': None, 'vectorizer__smooth_idf': True}",0.4476940382452193,0.4436936936936937,0.4391353811149034,0.45622119815668205,0.4248587570621469,0.42417582417582417,0.4282560706401767,0.42299349240780915,0.4358785569370569,0.011766632086206588,55
0.5103965401649475,0.01700132992448697,0.05901333689689636,0.002418321306776748,0.1,0.25,,False,"{'estimator__alpha': 0.1, 'vectorizer__max_df': 0.25, 'vectorizer__norm': None, 'vectorizer__smooth_idf': False}",0.44444444444444436,0.4436936936936937,0.43764172335600915,0.4556962025316456,0.427927927927928,0.421978021978022,0.42872928176795577,0.4233261339092872,0.43542967870112326,0.011145624274698559,56
0.5158374905586243,0.01880760616704327,0.0628703236579895,0.006345919984445557,0.1,0.5,l1,True,"{'estimator__alpha': 0.1, 'vectorizer__max_df': 0.5, 'vectorizer__norm': 'l1', 'vectorizer__smooth_idf': True}",0.4617117117117117,0.47374562427071176,0.45886442641946695,0.4704519119351101,0.456299659477866,0.45161290322580644,0.4490690032858707,0.4498346196251378,0.4589487324939602,0.008663287386199202,14
0.5049810707569122,0.021256206997269943,0.06159314513206482,0.008211192281606099,0.1,0.5,l1,False,"{'estimator__alpha': 0.1, 'vectorizer__max_df': 0.5, 'vectorizer__norm': 'l1', 'vectorizer__smooth_idf': False}",0.4622322435174746,0.4754098360655738,0.4578034682080925,0.47154471544715443,0.45785876993166286,0.45161290322580644,0.4463894967177243,0.4530386740331492,0.45948626339332976,0.009267374764923696,11
0.512873113155365,0.021208209156414932,0.059941768646240234,0.0027765618362140636,0.1,0.5,l2,True,"{'estimator__alpha': 0.1, 'vectorizer__max_df': 0.5, 'vectorizer__norm': 'l2', 'vectorizer__smooth_idf': True}",0.4685714285714285,0.4765258215962442,0.452353616532721,0.4754098360655738,0.45909090909090905,0.4444444444444444,0.44224422442244227,0.4422657952069718,0.45761325949134185,0.01355314305687891,23
0.5090439021587372,0.012592229347145115,0.06460660696029663,0.009854128914879016,0.1,0.5,l2,False,"{'estimator__alpha': 0.1, 'vectorizer__max_df': 0.5, 'vectorizer__norm': 'l2', 'vectorizer__smooth_idf': False}",0.4685714285714285,0.4742990654205607,0.4533947065592636,0.4760793465577595,0.4585698070374574,0.4404894327030034,0.4405286343612335,0.4422657952069718,0.4567747770522098,0.01402335208659143,28
0.5013336837291718,0.014969723163607984,0.05944749712944031,0.002580981688812663,0.1,0.5,,True,"{'estimator__alpha': 0.1, 'vectorizer__max_df': 0.5, 'vectorizer__norm': None, 'vectorizer__smooth_idf': True}",0.4484304932735425,0.4417040358744395,0.4337078651685394,0.4512471655328798,0.42329227323628216,0.42358078602620086,0.4285714285714286,0.42094017094017094,0.43393427732793544,0.011115027923373818,63
0.5023858547210693,0.017480871931265865,0.062466710805892944,0.002646065877250414,0.1,0.5,,False,"{'estimator__alpha': 0.1, 'vectorizer__max_df': 0.5, 'vectorizer__norm': None, 'vectorizer__smooth_idf': False}",0.44370122630992204,0.4412094064949608,0.43273542600896864,0.4494892167990919,0.4258639910813823,0.420479302832244,0.4285714285714286,0.420042643923241,0.4327615802526549,0.010299368427381793,72
0.49736911058425903,0.012788078406046764,0.06314238905906677,0.005428114764767225,0.1,0.75,l1,True,"{'estimator__alpha': 0.1, 'vectorizer__max_df': 0.75, 'vectorizer__norm': 'l1', 'vectorizer__smooth_idf': True}",0.4617117117117117,0.47374562427071176,0.45886442641946695,0.4704519119351101,0.456299659477866,0.45161290322580644,0.4490690032858707,0.4498346196251378,0.4589487324939602,0.008663287386199202,14
0.5007965266704559,0.020662951779896414,0.05976793169975281,0.0014191470959652609,0.1,0.75,l1,False,"{'estimator__alpha': 0.1, 'vectorizer__max_df': 0.75, 'vectorizer__norm': 'l1', 'vectorizer__smooth_idf': False}",0.4622322435174746,0.4754098360655738,0.4578034682080925,0.47154471544715443,0.45785876993166286,0.45161290322580644,0.4463894967177243,0.4530386740331492,0.45948626339332976,0.009267374764923696,11
0.4986075162887573,0.011652532640829586,0.06467220187187195,0.008115961393739683,0.1,0.75,l2,True,"{'estimator__alpha': 0.1, 'vectorizer__max_df': 0.75, 'vectorizer__norm': 'l2', 'vectorizer__smooth_idf': True}",0.4685714285714285,0.4765258215962442,0.452353616532721,0.4754098360655738,0.45909090909090905,0.4444444444444444,0.44224422442244227,0.4422657952069718,0.45761325949134185,0.01355314305687891,23
0.50969198346138,0.005865193056368295,0.06488731503486633,0.00571708571181139,0.1,0.75,l2,False,"{'estimator__alpha': 0.1, 'vectorizer__max_df': 0.75, 'vectorizer__norm': 'l2', 'vectorizer__smooth_idf': False}",0.4685714285714285,0.4742990654205607,0.4533947065592636,0.4760793465577595,0.4585698070374574,0.4404894327030034,0.4405286343612335,0.4422657952069718,0.4567747770522098,0.01402335208659143,28
0.5038111507892609,0.009419073720962385,0.06052103638648987,0.004040423104227341,0.1,0.75,,True,"{'estimator__alpha': 0.1, 'vectorizer__max_df': 0.75, 'vectorizer__norm': None, 'vectorizer__smooth_idf': True}",0.4484304932735425,0.4417040358744395,0.4337078651685394,0.4512471655328798,0.42329227323628216,0.42358078602620086,0.4285714285714286,0.42094017094017094,0.43393427732793544,0.011115027923373818,63
0.5013951659202576,0.008148344233761314,0.06026318669319153,0.004442460600156705,0.1,0.75,,False,"{'estimator__alpha': 0.1, 'vectorizer__max_df': 0.75, 'vectorizer__norm': None, 'vectorizer__smooth_idf': False}",0.44370122630992204,0.4412094064949608,0.43273542600896864,0.4494892167990919,0.4258639910813823,0.420479302832244,0.4285714285714286,0.420042643923241,0.4327615802526549,0.010299368427381793,72
0.513595461845398,0.017261656197310328,0.060239553451538086,0.0025997960125566837,0.1,1.0,l1,True,"{'estimator__alpha': 0.1, 'vectorizer__max_df': 1.0, 'vectorizer__norm': 'l1', 'vectorizer__smooth_idf': True}",0.4617117117117117,0.47374562427071176,0.45886442641946695,0.4704519119351101,0.456299659477866,0.45161290322580644,0.4490690032858707,0.4498346196251378,0.4589487324939602,0.008663287386199202,14
0.4942617416381836,0.0160289095347891,0.06124985218048096,0.00371765587348331,0.1,1.0,l1,False,"{'estimator__alpha': 0.1, 'vectorizer__max_df': 1.0, 'vectorizer__norm': 'l1', 'vectorizer__smooth_idf': False}",0.4622322435174746,0.4754098360655738,0.4578034682080925,0.47154471544715443,0.45785876993166286,0.45161290322580644,0.4463894967177243,0.4530386740331492,0.45948626339332976,0.009267374764923696,11
0.5053158402442932,0.016392580675303244,0.061478495597839355,0.001393034734696969,0.1,1.0,l2,True,"{'estimator__alpha': 0.1, 'vectorizer__max_df': 1.0, 'vectorizer__norm': 'l2', 'vectorizer__smooth_idf': True}",0.4685714285714285,0.4765258215962442,0.452353616532721,0.4754098360655738,0.45909090909090905,0.4444444444444444,0.44224422442244227,0.4422657952069718,0.45761325949134185,0.01355314305687891,23
0.5060090720653534,0.018251795706127383,0.06139779090881348,0.0059026457908762705,0.1,1.0,l2,False,"{'estimator__alpha': 0.1, 'vectorizer__max_df': 1.0, 'vectorizer__norm': 'l2', 'vectorizer__smooth_idf': False}",0.4685714285714285,0.4742990654205607,0.4533947065592636,0.4760793465577595,0.4585698070374574,0.4404894327030034,0.4405286343612335,0.4422657952069718,0.4567747770522098,0.01402335208659143,28
0.5008693039417267,0.018210670332358778,0.05868065357208252,0.001702121987680213,0.1,1.0,,True,"{'estimator__alpha': 0.1, 'vectorizer__max_df': 1.0, 'vectorizer__norm': None, 'vectorizer__smooth_idf': True}",0.4484304932735425,0.4417040358744395,0.4337078651685394,0.4512471655328798,0.42329227323628216,0.42358078602620086,0.4285714285714286,0.42094017094017094,0.43393427732793544,0.011115027923373818,63
0.4995514452457428,0.021277388827810995,0.06024104356765747,0.003215299397413206,0.1,1.0,,False,"{'estimator__alpha': 0.1, 'vectorizer__max_df': 1.0, 'vectorizer__norm': None, 'vectorizer__smooth_idf': False}",0.44370122630992204,0.4412094064949608,0.43273542600896864,0.4494892167990919,0.4258639910813823,0.420479302832244,0.4285714285714286,0.420042643923241,0.4327615802526549,0.010299368427381793,72
0.49622392654418945,0.017868083313116977,0.0590532124042511,0.001847958615502878,1,0.25,l1,True,"{'estimator__alpha': 1, 'vectorizer__max_df': 0.25, 'vectorizer__norm': 'l1', 'vectorizer__smooth_idf': True}",0.456299659477866,0.46848989298454224,0.45593419506462984,0.4790419161676647,0.4569460390355912,0.46698113207547165,0.45688689809630467,0.4615384615384616,0.46276477430506646,0.0076963098163126175,8
0.5026427507400513,0.01758213162060401,0.06005397439002991,0.0020152376902381197,1,0.25,l1,False,"{'estimator__alpha': 1, 'vectorizer__max_df': 0.25, 'vectorizer__norm': 'l1', 'vectorizer__smooth_idf': False}",0.4564971751412429,0.47768395657418566,0.4564705882352941,0.48267622461170845,0.45747126436781604,0.4689331770222743,0.45842696629213486,0.4604810996563575,0.4648300564876267,0.009707770690915482,5
0.5143262147903442,0.018275534532529992,0.0625883936882019,0.005483468141202071,1,0.25,l2,True,"{'estimator__alpha': 1, 'vectorizer__max_df': 0.25, 'vectorizer__norm': 'l2', 'vectorizer__smooth_idf': True}",0.4665127020785219,0.48920863309352514,0.4753901560624249,0.48292108362779734,0.46744186046511627,0.46720368239355575,0.46464646464646464,0.4716763005780347,0.47312511036818006,0.008252607864697283,1
0.5132145881652832,0.021630432197556296,0.06523972749710083,0.005669261314583263,1,0.25,l2,False,"{'estimator__alpha': 1, 'vectorizer__max_df': 0.25, 'vectorizer__norm': 'l2', 'vectorizer__smooth_idf': False}",0.4670520231213873,0.4874551971326165,0.4753901560624249,0.4817861339600471,0.46744186046511627,0.46720368239355575,0.4641255605381166,0.4700460829493087,0.4725625870778216,0.007727232874152432,2
0.5059272050857544,0.016198140362139974,0.06609201431274414,0.007169015895630805,1,0.25,,True,"{'estimator__alpha': 1, 'vectorizer__max_df': 0.25, 'vectorizer__norm': None, 'vectorizer__smooth_idf': True}",0.4692218350754937,0.4729411764705882,0.4532710280373832,0.48009650180940894,0.4529616724738676,0.43841807909604524,0.4441939120631342,0.4454342984409799,0.4570673129333626,0.014187005294675658,27
0.5002558529376984,0.010512697159912519,0.059508562088012695,0.0011182046836838765,1,0.25,,False,"{'estimator__alpha': 1, 'vectorizer__max_df': 0.25, 'vectorizer__norm': None, 'vectorizer__smooth_idf': False}",0.4692218350754937,0.4722550177095632,0.45433255269320844,0.4801920768307323,0.45634458672875433,0.43792325056433407,0.44394618834080724,0.4454342984409799,0.4574562257979842,0.01411528768716779,26
0.506695568561554,0.016034145347444958,0.06534022092819214,0.008781049178359495,1,0.5,l1,True,"{'estimator__alpha': 1, 'vectorizer__max_df': 0.5, 'vectorizer__norm': 'l1', 'vectorizer__smooth_idf': True}",0.4425162689804773,0.46436781609195404,0.4452054794520548,0.4652223489167616,0.44692737430167595,0.44224422442244227,0.45154185022026433,0.4446878422782038,0.45033915058297924,0.008777933436777784,40
0.5072894394397736,0.021779789565739588,0.06148862838745117,0.0015232064921441636,1,0.5,l1,False,"{'estimator__alpha': 1, 'vectorizer__max_df': 0.5, 'vectorizer__norm': 'l1', 'vectorizer__smooth_idf': False}",0.4420368364030336,0.4689655172413793,0.4446978335233752,0.4652223489167616,0.44816053511705684,0.443956043956044,0.4520396912899669,0.4437158469945354,0.45109933168026917,0.009726454960055765,37
0.5066970884799957,0.010631499357986487,0.06037512421607971,0.002509376311548967,1,0.5,l2,True,"{'estimator__alpha': 1, 'vectorizer__max_df': 0.5, 'vectorizer__norm': 'l2', 'vectorizer__smooth_idf': True}",0.45132743362831856,0.48139534883720936,0.4595842956120092,0.4601571268237935,0.44640883977900553,0.45454545454545453,0.4557235421166307,0.4537444933920705,0.45786081684181146,0.009800855695157137,20
0.5051815211772919,0.016052124625383166,0.06604310870170593,0.007127656127759191,1,0.5,l2,False,"{'estimator__alpha': 1, 'vectorizer__max_df': 0.5, 'vectorizer__norm': 'l2', 'vectorizer__smooth_idf': False}",0.45333333333333337,0.4819557625145518,0.4590542099192618,0.4618834080717489,0.4486187845303868,0.45404208194905865,0.4525862068965517,0.4537444933920705,0.45815228507587047,0.009764436987895588,17
0.5108970105648041,0.02433356031429723,0.05835014581680298,0.0026022056142451034,1,0.5,,True,"{'estimator__alpha': 1, 'vectorizer__max_df': 0.5, 'vectorizer__norm': None, 'vectorizer__smooth_idf': True}",0.46735395189003437,0.4707259953161592,0.4475201845444059,0.4757396449704142,0.44724770642201833,0.4328523862375138,0.44245810055865914,0.43811610076670315,0.45275175883823854,0.015159778231270895,31
0.49479934573173523,0.016302326507845098,0.06431102752685547,0.010287346432317997,1,0.5,,False,"{'estimator__alpha': 1, 'vectorizer__max_df': 0.5, 'vectorizer__norm': None, 'vectorizer__smooth_idf': False}",0.46453089244851264,0.466588511137163,0.4454649827784156,0.4757396449704142,0.4459770114942529,0.43381535038932145,0.44222222222222224,0.43811610076670315,0.45155683952587566,0.014273574599202045,34
0.5133813321590424,0.014994874495864115,0.061086297035217285,0.0028740090259473366,1,0.75,l1,True,"{'estimator__alpha': 1, 'vectorizer__max_df': 0.75, 'vectorizer__norm': 'l1', 'vectorizer__smooth_idf': True}",0.4425162689804773,0.46436781609195404,0.4452054794520548,0.4652223489167616,0.44692737430167595,0.44224422442244227,0.45154185022026433,0.4446878422782038,0.45033915058297924,0.008777933436777784,40
0.5011375546455383,0.01448669396489462,0.05827385187149048,0.001996981824151481,1,0.75,l1,False,"{'estimator__alpha': 1, 'vectorizer__max_df': 0.75, 'vectorizer__norm': 'l1', 'vectorizer__smooth_idf': False}",0.4420368364030336,0.4689655172413793,0.4446978335233752,0.4652223489167616,0.44816053511705684,0.443956043956044,0.4520396912899669,0.4437158469945354,0.45109933168026917,0.009726454960055765,37
0.4983493685722351,0.012153535890831494,0.06086844205856323,0.004586292211735418,1,0.75,l2,True,"{'estimator__alpha': 1, 'vectorizer__max_df': 0.75, 'vectorizer__norm': 'l2', 'vectorizer__smooth_idf': True}",0.45132743362831856,0.48139534883720936,0.4595842956120092,0.4601571268237935,0.44640883977900553,0.45454545454545453,0.4557235421166307,0.4537444933920705,0.45786081684181146,0.009800855695157137,20
0.5096573233604431,0.017983743194665367,0.05910444259643555,0.002659596014281679,1,0.75,l2,False,"{'estimator__alpha': 1, 'vectorizer__max_df': 0.75, 'vectorizer__norm': 'l2', 'vectorizer__smooth_idf': False}",0.45333333333333337,0.4819557625145518,0.4590542099192618,0.4618834080717489,0.4486187845303868,0.45404208194905865,0.4525862068965517,0.4537444933920705,0.45815228507587047,0.009764436987895588,17
0.5020233690738678,0.013922618090559263,0.0621313750743866,0.004301380354044583,1,0.75,,True,"{'estimator__alpha': 1, 'vectorizer__max_df': 0.75, 'vectorizer__norm': None, 'vectorizer__smooth_idf': True}",0.46735395189003437,0.4707259953161592,0.4475201845444059,0.4757396449704142,0.44724770642201833,0.4328523862375138,0.44245810055865914,0.43811610076670315,0.45275175883823854,0.015159778231270895,31
0.4989399015903473,0.020385481381679768,0.060923635959625244,0.005201342621517523,1,0.75,,False,"{'estimator__alpha': 1, 'vectorizer__max_df': 0.75, 'vectorizer__norm': None, 'vectorizer__smooth_idf': False}",0.46453089244851264,0.466588511137163,0.4454649827784156,0.4757396449704142,0.4459770114942529,0.43381535038932145,0.44222222222222224,0.43811610076670315,0.45155683952587566,0.014273574599202045,34
0.5913132429122925,0.12827663319351895,0.06433826684951782,0.008463097416914405,1,1.0,l1,True,"{'estimator__alpha': 1, 'vectorizer__max_df': 1.0, 'vectorizer__norm': 'l1', 'vectorizer__smooth_idf': True}",0.4425162689804773,0.46436781609195404,0.4452054794520548,0.4652223489167616,0.44692737430167595,0.44224422442244227,0.45154185022026433,0.4446878422782038,0.45033915058297924,0.008777933436777784,40
0.509030282497406,0.019960853771236534,0.06209757924079895,0.0045899321530824865,1,1.0,l1,False,"{'estimator__alpha': 1, 'vectorizer__max_df': 1.0, 'vectorizer__norm': 'l1', 'vectorizer__smooth_idf': False}",0.4420368364030336,0.4689655172413793,0.4446978335233752,0.4652223489167616,0.44816053511705684,0.443956043956044,0.4520396912899669,0.4437158469945354,0.45109933168026917,0.009726454960055765,37
0.4975349009037018,0.013830097020696633,0.0672864317893982,0.01171594392123917,1,1.0,l2,True,"{'estimator__alpha': 1, 'vectorizer__max_df': 1.0, 'vectorizer__norm': 'l2', 'vectorizer__smooth_idf': True}",0.45132743362831856,0.48139534883720936,0.4595842956120092,0.4601571268237935,0.44640883977900553,0.45454545454545453,0.4557235421166307,0.4537444933920705,0.45786081684181146,0.009800855695157137,20
0.5057141482830048,0.019405717199225667,0.05925306677818298,0.0032123048970835407,1,1.0,l2,False,"{'estimator__alpha': 1, 'vectorizer__max_df': 1.0, 'vectorizer__norm': 'l2', 'vectorizer__smooth_idf': False}",0.45333333333333337,0.4819557625145518,0.4590542099192618,0.4618834080717489,0.4486187845303868,0.45404208194905865,0.4525862068965517,0.4537444933920705,0.45815228507587047,0.009764436987895588,17
0.5002076327800751,0.014786520028306422,0.0621601939201355,0.008606880907113793,1,1.0,,True,"{'estimator__alpha': 1, 'vectorizer__max_df': 1.0, 'vectorizer__norm': None, 'vectorizer__smooth_idf': True}",0.46735395189003437,0.4707259953161592,0.4475201845444059,0.4757396449704142,0.44724770642201833,0.4328523862375138,0.44245810055865914,0.43811610076670315,0.45275175883823854,0.015159778231270895,31
0.4944640100002289,0.018607466886508352,0.06514397263526917,0.010651826430225098,1,1.0,,False,"{'estimator__alpha': 1, 'vectorizer__max_df': 1.0, 'vectorizer__norm': None, 'vectorizer__smooth_idf': False}",0.46453089244851264,0.466588511137163,0.4454649827784156,0.4757396449704142,0.4459770114942529,0.43381535038932145,0.44222222222222224,0.43811610076670315,0.45155683952587566,0.014273574599202045,34
0.5033012926578522,0.016875517922639825,0.06606155633926392,0.005996702046668795,10,0.25,l1,True,"{'estimator__alpha': 10, 'vectorizer__max_df': 0.25, 'vectorizer__norm': 'l1', 'vectorizer__smooth_idf': True}",0.4253490870032224,0.4404894327030034,0.41386782231852653,0.43429844097995546,0.42015005359056806,0.43811610076670315,0.4351554126473741,0.41746538871139516,0.42811146734009353,0.009542259903477016,76
0.4922225773334503,0.01689595993611128,0.061827898025512695,0.009562058452678138,10,0.25,l1,False,"{'estimator__alpha': 10, 'vectorizer__max_df': 0.25, 'vectorizer__norm': 'l1', 'vectorizer__smooth_idf': False}",0.4248927038626609,0.4444444444444444,0.41341991341991335,0.4347826086956523,0.42015005359056806,0.44004400440044006,0.4351554126473741,0.4183564567769476,0.4289056997297501,0.010505789882529065,75
0.49219220876693726,0.019316304423820253,0.06043291091918945,0.0019964446352325545,10,0.25,l2,True,"{'estimator__alpha': 10, 'vectorizer__max_df': 0.25, 'vectorizer__norm': 'l2', 'vectorizer__smooth_idf': True}",0.42994652406417105,0.4660633484162896,0.4409799554565701,0.439511653718091,0.4337349397590361,0.4415011037527594,0.4329461457233368,0.4270152505446623,0.43896236517936454,0.011362331882996665,52
0.5019389390945435,0.013883558320063103,0.060831218957901,0.0016992896025135435,10,0.25,l2,False,"{'estimator__alpha': 10, 'vectorizer__max_df': 0.25, 'vectorizer__norm': 'l2', 'vectorizer__smooth_idf': False}",0.42994652406417105,0.46779661016949153,0.439511653718091,0.44,0.4342105263157895,0.4437086092715232,0.43524416135881117,0.42996742671009774,0.44004818895099684,0.011426319050033785,51
0.5081701874732971,0.023913126194492457,0.05917763710021973,0.0023617795409943375,10,0.25,,True,"{'estimator__alpha': 10, 'vectorizer__max_df': 0.25, 'vectorizer__norm': None, 'vectorizer__smooth_idf': True}",0.45909090909090905,0.47398843930635837,0.4682352941176471,0.4812206572769953,0.45351473922902497,0.4575311438278596,0.4483133841131665,0.45964125560538116,0.46269197782091775,0.010256247088770631,10
0.505476325750351,0.012295615147380895,0.05783906579017639,0.002119004276034412,10,0.25,,False,"{'estimator__alpha': 10, 'vectorizer__max_df': 0.25, 'vectorizer__norm': None, 'vectorizer__smooth_idf': False}",0.45909090909090905,0.47235023041474655,0.46713615023474175,0.4806565064478312,0.4557823129251701,0.4564971751412429,0.44999999999999996,0.4601571268237935,0.4627088013848044,0.009369852266264295,9
0.500287652015686,0.01531758472889196,0.06186261773109436,0.00281413287079693,10,0.5,l1,True,"{'estimator__alpha': 10, 'vectorizer__max_df': 0.5, 'vectorizer__norm': 'l1', 'vectorizer__smooth_idf': True}",0.3817351598173516,0.39015151515151514,0.375,0.37325905292479106,0.34944868532654794,0.3501280956447481,0.38842203548085896,0.36657681940700804,0.37184017046910256,0.014665724581937843,142
0.5049459338188171,0.014489255137065055,0.06264317035675049,0.0034295778715013815,10,0.5,l1,False,"{'estimator__alpha': 10, 'vectorizer__max_df': 0.5, 'vectorizer__norm': 'l1', 'vectorizer__smooth_idf': False}",0.3817351598173516,0.39204545454545453,0.3765144454799627,0.3753501400560224,0.34944868532654794,0.3492333901192504,0.39028944911297847,0.36690647482014394,0.372690399909714,0.01545846164437326,139
0.5006349086761475,0.011360854715336422,0.06274423003196716,0.005233100771463715,10,0.5,l2,True,"{'estimator__alpha': 10, 'vectorizer__max_df': 0.5, 'vectorizer__norm': 'l2', 'vectorizer__smooth_idf': True}",0.391304347826087,0.42741935483870963,0.3960591133004926,0.3996120271580989,0.3743016759776536,0.38333333333333336,0.39660056657223797,0.379047619047619,0.39345975475677897,0.015369035774944216,136
0.5136529803276062,0.01963624760962146,0.061760932207107544,0.003651719494097911,10,0.5,l2,False,"{'estimator__alpha': 10, 'vectorizer__max_df': 0.5, 'vectorizer__norm': 'l2', 'vectorizer__smooth_idf': False}",0.39204545454545453,0.42943548387096764,0.3960591133004926,0.4015518913676043,0.37476808905380343,0.3848288621646624,0.3962264150943396,0.3783269961977186,0.3941552881993804,0.01591048396778342,133
0.5061101317405701,0.0077720093684640204,0.059364885091781616,0.00335737466441241,10,0.5,,True,"{'estimator__alpha': 10, 'vectorizer__max_df': 0.5, 'vectorizer__norm': None, 'vectorizer__smooth_idf': True}",0.44812362030905084,0.4665911664779162,0.44994375703037126,0.4668911335578002,0.43572984749455335,0.4393939393939394,0.4395373291272345,0.44206008583690987,0.44853385990347194,0.01137728065344278,43
0.5060679018497467,0.013801493112809732,0.058431148529052734,0.0022951680943158357,10,0.5,,False,"{'estimator__alpha': 10, 'vectorizer__max_df': 0.5, 'vectorizer__norm': None, 'vectorizer__smooth_idf': False}",0.4466446644664466,0.463963963963964,0.4509582863585118,0.4668911335578002,0.43695652173913047,0.4389189189189189,0.4365162644281217,0.44158628081457657,0.44780450428093377,0.01117722091293957,46
0.5118893682956696,0.014483638290026328,0.06706559658050537,0.014632115023720811,10,0.75,l1,True,"{'estimator__alpha': 10, 'vectorizer__max_df': 0.75, 'vectorizer__norm': 'l1', 'vectorizer__smooth_idf': True}",0.3817351598173516,0.39015151515151514,0.375,0.37325905292479106,0.34944868532654794,0.3501280956447481,0.38842203548085896,0.36657681940700804,0.37184017046910256,0.014665724581937843,142
0.4902079999446869,0.01313659594133205,0.06185188889503479,0.005406547277920539,10,0.75,l1,False,"{'estimator__alpha': 10, 'vectorizer__max_df': 0.75, 'vectorizer__norm': 'l1', 'vectorizer__smooth_idf': False}",0.3817351598173516,0.39204545454545453,0.3765144454799627,0.3753501400560224,0.34944868532654794,0.3492333901192504,0.39028944911297847,0.36690647482014394,0.372690399909714,0.01545846164437326,139
0.4872892200946808,0.013467132596824851,0.06323355436325073,0.007533556060829454,10,0.75,l2,True,"{'estimator__alpha': 10, 'vectorizer__max_df': 0.75, 'vectorizer__norm': 'l2', 'vectorizer__smooth_idf': True}",0.391304347826087,0.42741935483870963,0.3960591133004926,0.3996120271580989,0.3743016759776536,0.38333333333333336,0.39660056657223797,0.379047619047619,0.39345975475677897,0.015369035774944216,136
0.5023175179958344,0.00944123735752228,0.06282570958137512,0.004037640413641278,10,0.75,l2,False,"{'estimator__alpha': 10, 'vectorizer__max_df': 0.75, 'vectorizer__norm': 'l2', 'vectorizer__smooth_idf': False}",0.39204545454545453,0.42943548387096764,0.3960591133004926,0.4015518913676043,0.37476808905380343,0.3848288621646624,0.3962264150943396,0.3783269961977186,0.3941552881993804,0.01591048396778342,133
0.4991697072982788,0.01663879449416865,0.0632147490978241,0.007850424473406368,10,0.75,,True,"{'estimator__alpha': 10, 'vectorizer__max_df': 0.75, 'vectorizer__norm': None, 'vectorizer__smooth_idf': True}",0.44812362030905084,0.4665911664779162,0.44994375703037126,0.4668911335578002,0.43572984749455335,0.4393939393939394,0.4395373291272345,0.44206008583690987,0.44853385990347194,0.01137728065344278,43
0.49787554144859314,0.016237294260409204,0.060813188552856445,0.0023243837517289336,10,0.75,,False,"{'estimator__alpha': 10, 'vectorizer__max_df': 0.75, 'vectorizer__norm': None, 'vectorizer__smooth_idf': False}",0.4466446644664466,0.463963963963964,0.4509582863585118,0.4668911335578002,0.43695652173913047,0.4389189189189189,0.4365162644281217,0.44158628081457657,0.44780450428093377,0.01117722091293957,46
0.5022485852241516,0.018338735282773314,0.06774917244911194,0.012513206534950033,10,1.0,l1,True,"{'estimator__alpha': 10, 'vectorizer__max_df': 1.0, 'vectorizer__norm': 'l1', 'vectorizer__smooth_idf': True}",0.3817351598173516,0.39015151515151514,0.375,0.37325905292479106,0.34944868532654794,0.3501280956447481,0.38842203548085896,0.36657681940700804,0.37184017046910256,0.014665724581937843,142
0.5046336650848389,0.023105821986677932,0.061275750398635864,0.004287140758531826,10,1.0,l1,False,"{'estimator__alpha': 10, 'vectorizer__max_df': 1.0, 'vectorizer__norm': 'l1', 'vectorizer__smooth_idf': False}",0.3817351598173516,0.39204545454545453,0.3765144454799627,0.3753501400560224,0.34944868532654794,0.3492333901192504,0.39028944911297847,0.36690647482014394,0.372690399909714,0.01545846164437326,139
0.49919676780700684,0.0224473887933611,0.06446680426597595,0.00698512671912926,10,1.0,l2,True,"{'estimator__alpha': 10, 'vectorizer__max_df': 1.0, 'vectorizer__norm': 'l2', 'vectorizer__smooth_idf': True}",0.391304347826087,0.42741935483870963,0.3960591133004926,0.3996120271580989,0.3743016759776536,0.38333333333333336,0.39660056657223797,0.379047619047619,0.39345975475677897,0.015369035774944216,136
0.4950142800807953,0.01665569016310834,0.06532955169677734,0.006806495367257771,10,1.0,l2,False,"{'estimator__alpha': 10, 'vectorizer__max_df': 1.0, 'vectorizer__norm': 'l2', 'vectorizer__smooth_idf': False}",0.39204545454545453,0.42943548387096764,0.3960591133004926,0.4015518913676043,0.37476808905380343,0.3848288621646624,0.3962264150943396,0.3783269961977186,0.3941552881993804,0.01591048396778342,133
0.5119325220584869,0.020374364569092196,0.060674428939819336,0.0031153266438373917,10,1.0,,True,"{'estimator__alpha': 10, 'vectorizer__max_df': 1.0, 'vectorizer__norm': None, 'vectorizer__smooth_idf': True}",0.44812362030905084,0.4665911664779162,0.44994375703037126,0.4668911335578002,0.43572984749455335,0.4393939393939394,0.4395373291272345,0.44206008583690987,0.44853385990347194,0.01137728065344278,43
0.5119447112083435,0.02715584034864785,0.06209626793861389,0.011736839473838835,10,1.0,,False,"{'estimator__alpha': 10, 'vectorizer__max_df': 1.0, 'vectorizer__norm': None, 'vectorizer__smooth_idf': False}",0.4466446644664466,0.463963963963964,0.4509582863585118,0.4668911335578002,0.43695652173913047,0.4389189189189189,0.4365162644281217,0.44158628081457657,0.44780450428093377,0.01117722091293957,46