mean_fit_time,std_fit_time,mean_score_time,std_score_time,param_estimator__alpha,param_vectorizer__max_df,param_vectorizer__norm,param_vectorizer__smooth_idf,params,split0_test_score,split1_test_score,split2_test_score,split3_test_score,split4_test_score,split5_test_score,split6_test_score,split7_test_score,mean_test_score,std_test_score,rank_test_score
1.9244155585765839,0.1261865187517032,0.2194139063358307,0.011760554349931346,0.0001,0.25,l1,True,"{'estimator__alpha': 0.0001, 'vectorizer__max_df': 0.25, 'vectorizer__norm': 'l1', 'vectorizer__smooth_idf': True}",0.8665793978451314,0.859775641025641,0.8642172523961662,0.8589846897663176,0.8670079293385526,0.8679704124024723,0.8633540372670807,0.8727382388419783,0.8650784498604175,0.004212785657720582,105
1.8269855678081512,0.04172576534470363,0.2247139811515808,0.01774048165155038,0.0001,0.25,l1,False,"{'estimator__alpha': 0.0001, 'vectorizer__max_df': 0.25, 'vectorizer__norm': 'l1', 'vectorizer__smooth_idf': False}",0.8661560169320701,0.859775641025641,0.8637316561844864,0.8584088620342396,0.8671820098383697,0.8669641046440885,0.8627254509018036,0.8715937657114127,0.864567188409014,0.004022649692936895,109
1.8569078743457794,0.026243486303942246,0.22444292902946472,0.010993310546337632,0.0001,0.25,l2,True,"{'estimator__alpha': 0.0001, 'vectorizer__max_df': 0.25, 'vectorizer__norm': 'l2', 'vectorizer__smooth_idf': True}",0.8635903663226068,0.8572866344605475,0.8608128449573508,0.8569405099150141,0.8647830474268415,0.8647603541263864,0.8591875818969863,0.8697932425617753,0.8621443227084387,0.004116968810704386,113
1.9160989224910736,0.03231620934040118,0.238858163356781,0.009444815852106584,0.0001,0.25,l2,False,"{'estimator__alpha': 0.0001, 'vectorizer__max_df': 0.25, 'vectorizer__norm': 'l2', 'vectorizer__smooth_idf': False}",0.8632175761871013,0.8564241875440185,0.8598694123556002,0.8558704453441295,0.8632280205915009,0.8636595051420425,0.8582375478927203,0.868959951578735,0.861183330829481,0.004126233084793599,117
1.96206733584404,0.05099301163549412,0.2354465126991272,0.01218456511777944,0.0001,0.25,,True,"{'estimator__alpha': 0.0001, 'vectorizer__max_df': 0.25, 'vectorizer__norm': None, 'vectorizer__smooth_idf': True}",0.8572297091903942,0.8517210053497526,0.855533199195171,0.8514007308160779,0.8585277188730687,0.8592411260709915,0.851601171835539,0.8629472407519709,0.8560252377603706,0.003963839183269664,137
2.0104490518569946,0.04549359081029518,0.24723130464553833,0.012792656409716073,0.0001,0.25,,False,"{'estimator__alpha': 0.0001, 'vectorizer__max_df': 0.25, 'vectorizer__norm': None, 'vectorizer__smooth_idf': False}",0.8561879684018635,0.8509780197620489,0.8553028778426243,0.8500659831489189,0.8574313408723748,0.8586867862969005,0.8511111111111112,0.8626579080343607,0.8553027494337753,0.004101240930574144,141
2.0481172502040863,0.04558294092218673,0.24816179275512695,0.008338110549513627,0.0001,0.5,l1,True,"{'estimator__alpha': 0.0001, 'vectorizer__max_df': 0.5, 'vectorizer__norm': 'l1', 'vectorizer__smooth_idf': True}",0.8665793978451314,0.859775641025641,0.8642172523961662,0.8589846897663176,0.8670079293385526,0.8679704124024723,0.8633540372670807,0.8727382388419783,0.8650784498604175,0.004212785657720582,105
2.359576106071472,0.2813833681768801,0.3201335370540619,0.035095749760978415,0.0001,0.5,l1,False,"{'estimator__alpha': 0.0001, 'vectorizer__max_df': 0.5, 'vectorizer__norm': 'l1', 'vectorizer__smooth_idf': False}",0.8661560169320701,0.859775641025641,0.8637316561844864,0.8584088620342396,0.8671820098383697,0.8669641046440885,0.8627254509018036,0.8715937657114127,0.864567188409014,0.004022649692936895,109
2.6735953986644745,0.07875445899041417,0.32001838088035583,0.013205476950379354,0.0001,0.5,l2,True,"{'estimator__alpha': 0.0001, 'vectorizer__max_df': 0.5, 'vectorizer__norm': 'l2', 'vectorizer__smooth_idf': True}",0.8635903663226068,0.8572866344605475,0.8608128449573508,0.8569405099150141,0.8647830474268415,0.8647603541263864,0.8591875818969863,0.8697932425617753,0.8621443227084387,0.004116968810704386,113
2.6826379895210266,0.04341607970181397,0.319399893283844,0.01148012930014877,0.0001,0.5,l2,False,"{'estimator__alpha': 0.0001, 'vectorizer__max_df': 0.5, 'vectorizer__norm': 'l2', 'vectorizer__smooth_idf': False}",0.8632175761871013,0.8564241875440185,0.8598694123556002,0.8558704453441295,0.8632280205915009,0.8636595051420425,0.8582375478927203,0.868959951578735,0.861183330829481,0.004126233084793599,117
2.6615017354488373,0.06120701435875762,0.3193734586238861,0.008974969251427403,0.0001,0.5,,True,"{'estimator__alpha': 0.0001, 'vectorizer__max_df': 0.5, 'vectorizer__norm': None, 'vectorizer__smooth_idf': True}",0.8572297091903942,0.8517210053497526,0.855533199195171,0.8514007308160779,0.8585277188730687,0.8592411260709915,0.851601171835539,0.8629472407519709,0.8560252377603706,0.003963839183269664,137
2.716116487979889,0.0895107278999017,0.323294073343277,0.008115310211546567,0.0001,0.5,,False,"{'estimator__alpha': 0.0001, 'vectorizer__max_df': 0.5, 'vectorizer__norm': None, 'vectorizer__smooth_idf': False}",0.8561879684018635,0.8509780197620489,0.8553028778426243,0.8500659831489189,0.8574313408723748,0.8586867862969005,0.8511111111111112,0.8626579080343607,0.8553027494337753,0.004101240930574144,141
2.8527611792087555,0.19928465018661493,0.34311920404434204,0.0367325475340498,0.0001,0.75,l1,True,"{'estimator__alpha': 0.0001, 'vectorizer__max_df': 0.75, 'vectorizer__norm': 'l1', 'vectorizer__smooth_idf': True}",0.8665793978451314,0.859775641025641,0.8642172523961662,0.8589846897663176,0.8670079293385526,0.8679704124024723,0.8633540372670807,0.8727382388419783,0.8650784498604175,0.004212785657720582,105
2.6709848940372467,0.05486469341768634,0.3337332606315613,0.01432489922822154,0.0001,0.75,l1,False,"{'estimator__alpha': 0.0001, 'vectorizer__max_df': 0.75, 'vectorizer__norm': 'l1', 'vectorizer__smooth_idf': False}",0.8661560169320701,0.859775641025641,0.8637316561844864,0.8584088620342396,0.8671820098383697,0.8669641046440885,0.8627254509018036,0.8715937657114127,0.864567188409014,0.004022649692936895,109
2.6450127959251404,0.04191602774082438,0.3224946856498718,0.008464587940646298,0.0001,0.75,l2,True,"{'estimator__alpha': 0.0001, 'vectorizer__max_df': 0.75, 'vectorizer__norm': 'l2', 'vectorizer__smooth_idf': True}",0.8635903663226068,0.8572866344605475,0.8608128449573508,0.8569405099150141,0.8647830474268415,0.8647603541263864,0.8591875818969863,0.8697932425617753,0.8621443227084387,0.004116968810704386,113
2.6628048419952393,0.05295790358659089,0.32545894384384155,0.007442659013755001,0.0001,0.75,l2,False,"{'estimator__alpha': 0.0001, 'vectorizer__max_df': 0.75, 'vectorizer__norm': 'l2', 'vectorizer__smooth_idf': False}",0.8632175761871013,0.8564241875440185,0.8598694123556002,0.8558704453441295,0.8632280205915009,0.8636595051420425,0.8582375478927203,0.868959951578735,0.861183330829481,0.004126233084793599,117
2.6987136006355286,0.06714323358942903,0.3296995759010315,0.008301498114655139,0.0001,0.75,,True,"{'estimator__alpha': 0.0001, 'vectorizer__max_df': 0.75, 'vectorizer__norm': None, 'vectorizer__smooth_idf': True}",0.8572297091903942,0.8517210053497526,0.855533199195171,0.8514007308160779,0.8585277188730687,0.8592411260709915,0.851601171835539,0.8629472407519709,0.8560252377603706,0.003963839183269664,137
2.8234017193317413,0.19436888680462602,0.34395575523376465,0.032170172232870026,0.0001,0.75,,False,"{'estimator__alpha': 0.0001, 'vectorizer__max_df': 0.75, 'vectorizer__norm': None, 'vectorizer__smooth_idf': False}",0.8561879684018635,0.8509780197620489,0.8553028778426243,0.8500659831489189,0.8574313408723748,0.8586867862969005,0.8511111111111112,0.8626579080343607,0.8553027494337753,0.004101240930574144,141
2.775845915079117,0.18003074784444464,0.3273574113845825,0.0091928735421431,0.0001,1.0,l1,True,"{'estimator__alpha': 0.0001, 'vectorizer__max_df': 1.0, 'vectorizer__norm': 'l1', 'vectorizer__smooth_idf': True}",0.8665793978451314,0.859775641025641,0.8642172523961662,0.8589846897663176,0.8670079293385526,0.8679704124024723,0.8633540372670807,0.8727382388419783,0.8650784498604175,0.004212785657720582,105
2.696002781391144,0.061656868471583984,0.33421778678894043,0.020518763056577155,0.0001,1.0,l1,False,"{'estimator__alpha': 0.0001, 'vectorizer__max_df': 1.0, 'vectorizer__norm': 'l1', 'vectorizer__smooth_idf': False}",0.8661560169320701,0.859775641025641,0.8637316561844864,0.8584088620342396,0.8671820098383697,0.8669641046440885,0.8627254509018036,0.8715937657114127,0.864567188409014,0.004022649692936895,109
2.688385844230652,0.05121271846143797,0.33759167790412903,0.012775414814609523,0.0001,1.0,l2,True,"{'estimator__alpha': 0.0001, 'vectorizer__max_df': 1.0, 'vectorizer__norm': 'l2', 'vectorizer__smooth_idf': True}",0.8635903663226068,0.8572866344605475,0.8608128449573508,0.8569405099150141,0.8647830474268415,0.8647603541263864,0.8591875818969863,0.8697932425617753,0.8621443227084387,0.004116968810704386,113
2.6969120800495148,0.04784734642640557,0.32971808314323425,0.004530998430017181,0.0001,1.0,l2,False,"{'estimator__alpha': 0.0001, 'vectorizer__max_df': 1.0, 'vectorizer__norm': 'l2', 'vectorizer__smooth_idf': False}",0.8632175761871013,0.8564241875440185,0.8598694123556002,0.8558704453441295,0.8632280205915009,0.8636595051420425,0.8582375478927203,0.868959951578735,0.861183330829481,0.004126233084793599,117
2.822410523891449,0.18394101113471414,0.3424121141433716,0.0386473980747268,0.0001,1.0,,True,"{'estimator__alpha': 0.0001, 'vectorizer__max_df': 1.0, 'vectorizer__norm': None, 'vectorizer__smooth_idf': True}",0.8572297091903942,0.8517210053497526,0.855533199195171,0.8514007308160779,0.8585277188730687,0.8592411260709915,0.851601171835539,0.8629472407519709,0.8560252377603706,0.003963839183269664,137
2.878572106361389,0.08696861963866147,0.33881986141204834,0.023517447980198912,0.0001,1.0,,False,"{'estimator__alpha': 0.0001, 'vectorizer__max_df': 1.0, 'vectorizer__norm': None, 'vectorizer__smooth_idf': False}",0.8561879684018635,0.8509780197620489,0.8553028778426243,0.8500659831489189,0.8574313408723748,0.8586867862969005,0.8511111111111112,0.8626579080343607,0.8553027494337753,0.004101240930574144,141
2.7721483409404755,0.04659823090727947,0.332763671875,0.018288221653833044,0.001,0.25,l1,True,"{'estimator__alpha': 0.001, 'vectorizer__max_df': 0.25, 'vectorizer__norm': 'l1', 'vectorizer__smooth_idf': True}",0.8715734511497139,0.8653346653346654,0.8694873071179691,0.8662714759369036,0.8718411552346571,0.8732052578361983,0.868418423418923,0.8755149201245855,0.8702058320192019,0.0032528096708161094,73
2.7365972995758057,0.03600333483269028,0.3460174798965454,0.024123346529085432,0.001,0.25,l1,False,"{'estimator__alpha': 0.001, 'vectorizer__max_df': 0.25, 'vectorizer__norm': 'l1', 'vectorizer__smooth_idf': False}",0.8710066305003014,0.8650484467086206,0.8690630289754059,0.8650602409638555,0.8717280112325745,0.8728118992208843,0.8678528588564574,0.875175879396985,0.8697183744818855,0.00339978966644856,85
2.754984974861145,0.057821790102678454,0.3328087329864502,0.00817773647277903,0.001,0.25,l2,True,"{'estimator__alpha': 0.001, 'vectorizer__max_df': 0.25, 'vectorizer__norm': 'l2', 'vectorizer__smooth_idf': True}",0.8675817521194995,0.8613622664255577,0.8660598179453837,0.8622814994442761,0.8686278460608504,0.8681508590017282,0.8649246231155779,0.8722395885852576,0.8664035315872665,0.003319625461382169,89
2.79136323928833,0.13205899436428006,0.34325045347213745,0.015124615032903337,0.001,0.25,l2,False,"{'estimator__alpha': 0.001, 'vectorizer__max_df': 0.25, 'vectorizer__norm': 'l2', 'vectorizer__smooth_idf': False}",0.8668955766511816,0.860474467229594,0.8651190714428657,0.8610409297625062,0.8680499597099114,0.8671954443766524,0.8640932850824287,0.8720016125781093,0.8656087933541561,0.003549013576767894,97
2.878362089395523,0.19539904658963045,0.3400725722312927,0.016172890235802862,0.001,0.25,,True,"{'estimator__alpha': 0.001, 'vectorizer__max_df': 0.25, 'vectorizer__norm': None, 'vectorizer__smooth_idf': True}",0.8589367088607593,0.8537421827718378,0.8567980691874497,0.853319817536746,0.8594791035735918,0.8604935753620233,0.8534517561566413,0.8651651348348652,0.8576732935354894,0.0039040463691869596,129
2.7491188049316406,0.04393820733409953,0.3378855288028717,0.01955960931439216,0.001,0.25,,False,"{'estimator__alpha': 0.001, 'vectorizer__max_df': 0.25, 'vectorizer__norm': None, 'vectorizer__smooth_idf': False}",0.8581840267233525,0.8527100544025791,0.8567119155354449,0.8521333738725042,0.8593340060544904,0.8600835626210129,0.853279515640767,0.8642099949520444,0.8570808062252744,0.003941800534678782,133
2.801234543323517,0.033858461335015876,0.34908437728881836,0.018053196508981365,0.001,0.5,l1,True,"{'estimator__alpha': 0.001, 'vectorizer__max_df': 0.5, 'vectorizer__norm': 'l1', 'vectorizer__smooth_idf': True}",0.8715734511497139,0.8653346653346654,0.8694873071179691,0.8662714759369036,0.8718411552346571,0.8732052578361983,0.868418423418923,0.8755149201245855,0.8702058320192019,0.0032528096708161094,73
2.8559156954288483,0.05091166693521552,0.3512601852416992,0.02953935553916064,0.001,0.5,l1,False,"{'estimator__alpha': 0.001, 'vectorizer__max_df': 0.5, 'vectorizer__norm': 'l1', 'vectorizer__smooth_idf': False}",0.8710066305003014,0.8650484467086206,0.8690630289754059,0.8650602409638555,0.8717280112325745,0.8728118992208843,0.8678528588564574,0.875175879396985,0.8697183744818855,0.00339978966644856,85
2.9014661014080048,0.16585756038749827,0.35828593373298645,0.0497883872973749,0.001,0.5,l2,True,"{'estimator__alpha': 0.001, 'vectorizer__max_df': 0.5, 'vectorizer__norm': 'l2', 'vectorizer__smooth_idf': True}",0.8675817521194995,0.8613622664255577,0.8660598179453837,0.8622814994442761,0.8686278460608504,0.8681508590017282,0.8649246231155779,0.8722395885852576,0.8664035315872665,0.003319625461382169,89
2.84771466255188,0.061983235578374735,0.33826300501823425,0.010309523049702412,0.001,0.5,l2,False,"{'estimator__alpha': 0.001, 'vectorizer__max_df': 0.5, 'vectorizer__norm': 'l2', 'vectorizer__smooth_idf': False}",0.8668955766511816,0.860474467229594,0.8651190714428657,0.8610409297625062,0.8680499597099114,0.8671954443766524,0.8640932850824287,0.8720016125781093,0.8656087933541561,0.003549013576767894,97
2.7796052396297455,0.04304481293921302,0.3358664810657501,0.0103633086443141,0.001,0.5,,True,"{'estimator__alpha': 0.001, 'vectorizer__max_df': 0.5, 'vectorizer__norm': None, 'vectorizer__smooth_idf': True}",0.8589367088607593,0.8537421827718378,0.8567980691874497,0.853319817536746,0.8594791035735918,0.8604935753620233,0.8534517561566413,0.8651651348348652,0.8576732935354894,0.0039040463691869596,129
2.815326601266861,0.0553294587525145,0.36105474829673767,0.03033617486095176,0.001,0.5,,False,"{'estimator__alpha': 0.001, 'vectorizer__max_df': 0.5, 'vectorizer__norm': None, 'vectorizer__smooth_idf': False}",0.8581840267233525,0.8527100544025791,0.8567119155354449,0.8521333738725042,0.8593340060544904,0.8600835626210129,0.853279515640767,0.8642099949520444,0.8570808062252744,0.003941800534678782,133
2.9129932820796967,0.06913678512543568,0.3462311327457428,0.012944030418732008,0.001,0.75,l1,True,"{'estimator__alpha': 0.001, 'vectorizer__max_df': 0.75, 'vectorizer__norm': 'l1', 'vectorizer__smooth_idf': True}",0.8715734511497139,0.8653346653346654,0.8694873071179691,0.8662714759369036,0.8718411552346571,0.8732052578361983,0.868418423418923,0.8755149201245855,0.8702058320192019,0.0032528096708161094,73
2.9411064982414246,0.161116051261912,0.3737838566303253,0.04023436257458345,0.001,0.75,l1,False,"{'estimator__alpha': 0.001, 'vectorizer__max_df': 0.75, 'vectorizer__norm': 'l1', 'vectorizer__smooth_idf': False}",0.8710066305003014,0.8650484467086206,0.8690630289754059,0.8650602409638555,0.8717280112325745,0.8728118992208843,0.8678528588564574,0.875175879396985,0.8697183744818855,0.00339978966644856,85
2.882492244243622,0.15426716985496497,0.3466240167617798,0.012112917422200475,0.001,0.75,l2,True,"{'estimator__alpha': 0.001, 'vectorizer__max_df': 0.75, 'vectorizer__norm': 'l2', 'vectorizer__smooth_idf': True}",0.8675817521194995,0.8613622664255577,0.8660598179453837,0.8622814994442761,0.8686278460608504,0.8681508590017282,0.8649246231155779,0.8722395885852576,0.8664035315872665,0.003319625461382169,89
2.829722434282303,0.03442400913392704,0.34707361459732056,0.011026335979461493,0.001,0.75,l2,False,"{'estimator__alpha': 0.001, 'vectorizer__max_df': 0.75, 'vectorizer__norm': 'l2', 'vectorizer__smooth_idf': False}",0.8668955766511816,0.860474467229594,0.8651190714428657,0.8610409297625062,0.8680499597099114,0.8671954443766524,0.8640932850824287,0.8720016125781093,0.8656087933541561,0.003549013576767894,97
2.849197655916214,0.0362204529523095,0.3505159020423889,0.01174054733255098,0.001,0.75,,True,"{'estimator__alpha': 0.001, 'vectorizer__max_df': 0.75, 'vectorizer__norm': None, 'vectorizer__smooth_idf': True}",0.8589367088607593,0.8537421827718378,0.8567980691874497,0.853319817536746,0.8594791035735918,0.8604935753620233,0.8534517561566413,0.8651651348348652,0.8576732935354894,0.0039040463691869596,129
2.839008778333664,0.03480060783205204,0.3485866189002991,0.010151105429988759,0.001,0.75,,False,"{'estimator__alpha': 0.001, 'vectorizer__max_df': 0.75, 'vectorizer__norm': None, 'vectorizer__smooth_idf': False}",0.8581840267233525,0.8527100544025791,0.8567119155354449,0.8521333738725042,0.8593340060544904,0.8600835626210129,0.853279515640767,0.8642099949520444,0.8570808062252744,0.003941800534678782,133
2.9859630167484283,0.17969143725148232,0.3657192885875702,0.03161996386415127,0.001,1.0,l1,True,"{'estimator__alpha': 0.001, 'vectorizer__max_df': 1.0, 'vectorizer__norm': 'l1', 'vectorizer__smooth_idf': True}",0.8715734511497139,0.8653346653346654,0.8694873071179691,0.8662714759369036,0.8718411552346571,0.8732052578361983,0.868418423418923,0.8755149201245855,0.8702058320192019,0.0032528096708161094,73
2.883143126964569,0.08754024292186048,0.3531676232814789,0.009517264849470897,0.001,1.0,l1,False,"{'estimator__alpha': 0.001, 'vectorizer__max_df': 1.0, 'vectorizer__norm': 'l1', 'vectorizer__smooth_idf': False}",0.8710066305003014,0.8650484467086206,0.8690630289754059,0.8650602409638555,0.8717280112325745,0.8728118992208843,0.8678528588564574,0.875175879396985,0.8697183744818855,0.00339978966644856,85
2.8684405982494354,0.03664571520383075,0.35019364953041077,0.009335636214985286,0.001,1.0,l2,True,"{'estimator__alpha': 0.001, 'vectorizer__max_df': 1.0, 'vectorizer__norm': 'l2', 'vectorizer__smooth_idf': True}",0.8675817521194995,0.8613622664255577,0.8660598179453837,0.8622814994442761,0.8686278460608504,0.8681508590017282,0.8649246231155779,0.8722395885852576,0.8664035315872665,0.003319625461382169,89
2.8706842958927155,0.04797953816823804,0.3513582646846771,0.010583798255876062,0.001,1.0,l2,False,"{'estimator__alpha': 0.001, 'vectorizer__max_df': 1.0, 'vectorizer__norm': 'l2', 'vectorizer__smooth_idf': False}",0.8668955766511816,0.860474467229594,0.8651190714428657,0.8610409297625062,0.8680499597099114,0.8671954443766524,0.8640932850824287,0.8720016125781093,0.8656087933541561,0.003549013576767894,97
2.8454929888248444,0.0353370480562064,0.3511561155319214,0.012990828171922124,0.001,1.0,,True,"{'estimator__alpha': 0.001, 'vectorizer__max_df': 1.0, 'vectorizer__norm': None, 'vectorizer__smooth_idf': True}",0.8589367088607593,0.8537421827718378,0.8567980691874497,0.853319817536746,0.8594791035735918,0.8604935753620233,0.8534517561566413,0.8651651348348652,0.8576732935354894,0.0039040463691869596,129
3.047290176153183,0.18966972523460357,0.36379802227020264,0.023249817886866222,0.001,1.0,,False,"{'estimator__alpha': 0.001, 'vectorizer__max_df': 1.0, 'vectorizer__norm': None, 'vectorizer__smooth_idf': False}",0.8581840267233525,0.8527100544025791,0.8567119155354449,0.8521333738725042,0.8593340060544904,0.8600835626210129,0.853279515640767,0.8642099949520444,0.8570808062252744,0.003941800534678782,133
2.9082154631614685,0.050081255538985264,0.35879236459732056,0.01370642681834903,0.01,0.25,l1,True,"{'estimator__alpha': 0.01, 'vectorizer__max_df': 0.25, 'vectorizer__norm': 'l1', 'vectorizer__smooth_idf': True}",0.8786451548251328,0.872741790597864,0.8749751540449214,0.8745490981963927,0.8797836104988979,0.8807913596446957,0.875087090673833,0.883137726953556,0.8774638731794117,0.0034036411661400572,45
2.9169121086597443,0.05064374079010156,0.3721506893634796,0.021500863747915728,0.01,0.25,l1,False,"{'estimator__alpha': 0.01, 'vectorizer__max_df': 0.25, 'vectorizer__norm': 'l1', 'vectorizer__smooth_idf': False}",0.8784447339412766,0.8721834496510469,0.8741182314952808,0.8734595731890592,0.8793587174348698,0.8800242375277721,0.8752613240418118,0.8827544669745031,0.8769505917819526,0.0034812451180860756,53
3.0050524473190308,0.1065729398588129,0.3661927282810211,0.016377890325482737,0.01,0.25,l2,True,"{'estimator__alpha': 0.01, 'vectorizer__max_df': 0.25, 'vectorizer__norm': 'l2', 'vectorizer__smooth_idf': True}",0.8733501259445844,0.8675157958078428,0.8712159056848836,0.8691796008869179,0.87376487194999,0.874289195775792,0.8700361010830325,0.8773451684486584,0.8720870956977127,0.002983760464396322,65
2.982860654592514,0.11894165339674673,0.38716980814933777,0.055708202892471796,0.01,0.25,l2,False,"{'estimator__alpha': 0.01, 'vectorizer__max_df': 0.25, 'vectorizer__norm': 'l2', 'vectorizer__smooth_idf': False}",0.8727455919395465,0.8666599779271595,0.8705035971223021,0.8687235329703569,0.8734751487045065,0.8728675873273761,0.8694344163658242,0.8768284071421366,0.8714047824374009,0.003000758980201272,69
3.073808878660202,0.21754796046310823,0.36049461364746094,0.003965057828286975,0.01,0.25,,True,"{'estimator__alpha': 0.01, 'vectorizer__max_df': 0.25, 'vectorizer__norm': None, 'vectorizer__smooth_idf': True}",0.8616784630940343,0.8567401590657405,0.8612948486670675,0.8568248507538198,0.8630136986301369,0.8631964958745034,0.857804632426989,0.8680197919822276,0.8610716175618149,0.0036133737873756907,121
2.975042462348938,0.07794568948901424,0.37456977367401123,0.02661586411188132,0.01,0.25,,False,"{'estimator__alpha': 0.01, 'vectorizer__max_df': 0.25, 'vectorizer__norm': None, 'vectorizer__smooth_idf': False}",0.8608388074785245,0.8561650729743331,0.8608102687525071,0.8556106445411312,0.862065491183879,0.8624376336421954,0.8567975830815711,0.8674674472595134,0.8602741186142068,0.0037242225070118836,125
2.95524463057518,0.02654127639548617,0.35587772727012634,0.006644210265616115,0.01,0.5,l1,True,"{'estimator__alpha': 0.01, 'vectorizer__max_df': 0.5, 'vectorizer__norm': 'l1', 'vectorizer__smooth_idf': True}",0.8786451548251328,0.872741790597864,0.8749751540449214,0.8745490981963927,0.8797836104988979,0.8807913596446957,0.875087090673833,0.883137726953556,0.8774638731794117,0.0034036411661400572,45
2.9427678287029266,0.041294028670060344,0.3582497239112854,0.014561520642625505,0.01,0.5,l1,False,"{'estimator__alpha': 0.01, 'vectorizer__max_df': 0.5, 'vectorizer__norm': 'l1', 'vectorizer__smooth_idf': False}",0.8784447339412766,0.8721834496510469,0.8741182314952808,0.8734595731890592,0.8793587174348698,0.8800242375277721,0.8752613240418118,0.8827544669745031,0.8769505917819526,0.0034812451180860756,53
3.044267326593399,0.18154530873784325,0.3901093006134033,0.03618777323893813,0.01,0.5,l2,True,"{'estimator__alpha': 0.01, 'vectorizer__max_df': 0.5, 'vectorizer__norm': 'l2', 'vectorizer__smooth_idf': True}",0.8733501259445844,0.8675157958078428,0.8712159056848836,0.8691796008869179,0.87376487194999,0.874289195775792,0.8700361010830325,0.8773451684486584,0.8720870956977127,0.002983760464396322,65
2.995076447725296,0.14248744486191117,0.3621869385242462,0.017228976889967374,0.01,0.5,l2,False,"{'estimator__alpha': 0.01, 'vectorizer__max_df': 0.5, 'vectorizer__norm': 'l2', 'vectorizer__smooth_idf': False}",0.8727455919395465,0.8666599779271595,0.8705035971223021,0.8687235329703569,0.8734751487045065,0.8728675873273761,0.8694344163658242,0.8768284071421366,0.8714047824374009,0.003000758980201272,69
2.93418425321579,0.04312348818994058,0.3618311285972595,0.013016770089458046,0.01,0.5,,True,"{'estimator__alpha': 0.01, 'vectorizer__max_df': 0.5, 'vectorizer__norm': None, 'vectorizer__smooth_idf': True}",0.8616784630940343,0.8567401590657405,0.8612948486670675,0.8568248507538198,0.8630136986301369,0.8631964958745034,0.857804632426989,0.8680197919822276,0.8610716175618149,0.0036133737873756907,121
2.91669762134552,0.045568712415992606,0.3612349331378937,0.0081674257940264,0.01,0.5,,False,"{'estimator__alpha': 0.01, 'vectorizer__max_df': 0.5, 'vectorizer__norm': None, 'vectorizer__smooth_idf': False}",0.8608388074785245,0.8561650729743331,0.8608102687525071,0.8556106445411312,0.862065491183879,0.8624376336421954,0.8567975830815711,0.8674674472595134,0.8602741186142068,0.0037242225070118836,125
2.938222825527191,0.05413991349972993,0.3622742295265198,0.005238220693641804,0.01,0.75,l1,True,"{'estimator__alpha': 0.01, 'vectorizer__max_df': 0.75, 'vectorizer__norm': 'l1', 'vectorizer__smooth_idf': True}",0.8786451548251328,0.872741790597864,0.8749751540449214,0.8745490981963927,0.8797836104988979,0.8807913596446957,0.875087090673833,0.883137726953556,0.8774638731794117,0.0034036411661400572,45
3.0924410820007324,0.21444438825727066,0.3699319660663605,0.033449355550688516,0.01,0.75,l1,False,"{'estimator__alpha': 0.01, 'vectorizer__max_df': 0.75, 'vectorizer__norm': 'l1', 'vectorizer__smooth_idf': False}",0.8784447339412766,0.8721834496510469,0.8741182314952808,0.8734595731890592,0.8793587174348698,0.8800242375277721,0.8752613240418118,0.8827544669745031,0.8769505917819526,0.0034812451180860756,53
2.981461673974991,0.10402858543884339,0.3574086129665375,0.009204249858659475,0.01,0.75,l2,True,"{'estimator__alpha': 0.01, 'vectorizer__max_df': 0.75, 'vectorizer__norm': 'l2', 'vectorizer__smooth_idf': True}",0.8733501259445844,0.8675157958078428,0.8712159056848836,0.8691796008869179,0.87376487194999,0.874289195775792,0.8700361010830325,0.8773451684486584,0.8720870956977127,0.002983760464396322,65
2.9334265887737274,0.034970473721485554,0.35477155447006226,0.009784446814497177,0.01,0.75,l2,False,"{'estimator__alpha': 0.01, 'vectorizer__max_df': 0.75, 'vectorizer__norm': 'l2', 'vectorizer__smooth_idf': False}",0.8727455919395465,0.8666599779271595,0.8705035971223021,0.8687235329703569,0.8734751487045065,0.8728675873273761,0.8694344163658242,0.8768284071421366,0.8714047824374009,0.003000758980201272,69
2.9295173585414886,0.04214543348120641,0.3587137460708618,0.008812546035829786,0.01,0.75,,True,"{'estimator__alpha': 0.01, 'vectorizer__max_df': 0.75, 'vectorizer__norm': None, 'vectorizer__smooth_idf': True}",0.8616784630940343,0.8567401590657405,0.8612948486670675,0.8568248507538198,0.8630136986301369,0.8631964958745034,0.857804632426989,0.8680197919822276,0.8610716175618149,0.0036133737873756907,121
3.0168778598308563,0.13388356312299982,0.39478617906570435,0.05254488944786089,0.01,0.75,,False,"{'estimator__alpha': 0.01, 'vectorizer__max_df': 0.75, 'vectorizer__norm': None, 'vectorizer__smooth_idf': False}",0.8608388074785245,0.8561650729743331,0.8608102687525071,0.8556106445411312,0.862065491183879,0.8624376336421954,0.8567975830815711,0.8674674472595134,0.8602741186142068,0.0037242225070118836,125
3.0255081355571747,0.14954610328812748,0.3559384346008301,0.009261621888719597,0.01,1.0,l1,True,"{'estimator__alpha': 0.01, 'vectorizer__max_df': 1.0, 'vectorizer__norm': 'l1', 'vectorizer__smooth_idf': True}",0.8786451548251328,0.872741790597864,0.8749751540449214,0.8745490981963927,0.8797836104988979,0.8807913596446957,0.875087090673833,0.883137726953556,0.8774638731794117,0.0034036411661400572,45
3.000689059495926,0.06359939602246216,0.3736153841018677,0.020192011939473724,0.01,1.0,l1,False,"{'estimator__alpha': 0.01, 'vectorizer__max_df': 1.0, 'vectorizer__norm': 'l1', 'vectorizer__smooth_idf': False}",0.8784447339412766,0.8721834496510469,0.8741182314952808,0.8734595731890592,0.8793587174348698,0.8800242375277721,0.8752613240418118,0.8827544669745031,0.8769505917819526,0.0034812451180860756,53
3.062284380197525,0.1778375653376307,0.3709385395050049,0.054089567820762414,0.01,1.0,l2,True,"{'estimator__alpha': 0.01, 'vectorizer__max_df': 1.0, 'vectorizer__norm': 'l2', 'vectorizer__smooth_idf': True}",0.8733501259445844,0.8675157958078428,0.8712159056848836,0.8691796008869179,0.87376487194999,0.874289195775792,0.8700361010830325,0.8773451684486584,0.8720870956977127,0.002983760464396322,65
2.9955521523952484,0.10920971906876645,0.35681337118148804,0.01305705989823085,0.01,1.0,l2,False,"{'estimator__alpha': 0.01, 'vectorizer__max_df': 1.0, 'vectorizer__norm': 'l2', 'vectorizer__smooth_idf': False}",0.8727455919395465,0.8666599779271595,0.8705035971223021,0.8687235329703569,0.8734751487045065,0.8728675873273761,0.8694344163658242,0.8768284071421366,0.8714047824374009,0.003000758980201272,69
3.0500364005565643,0.20740061993821726,0.3747369945049286,0.034768696354736464,0.01,1.0,,True,"{'estimator__alpha': 0.01, 'vectorizer__max_df': 1.0, 'vectorizer__norm': None, 'vectorizer__smooth_idf': True}",0.8616784630940343,0.8567401590657405,0.8612948486670675,0.8568248507538198,0.8630136986301369,0.8631964958745034,0.857804632426989,0.8680197919822276,0.8610716175618149,0.0036133737873756907,121
3.056843250989914,0.23408773627349555,0.35486820340156555,0.008852566217959204,0.01,1.0,,False,"{'estimator__alpha': 0.01, 'vectorizer__max_df': 1.0, 'vectorizer__norm': None, 'vectorizer__smooth_idf': False}",0.8608388074785245,0.8561650729743331,0.8608102687525071,0.8556106445411312,0.862065491183879,0.8624376336421954,0.8567975830815711,0.8674674472595134,0.8602741186142068,0.0037242225070118836,125
2.93951615691185,0.05622485155176642,0.35920479893684387,0.014466655325792032,0.1,0.25,l1,True,"{'estimator__alpha': 0.1, 'vectorizer__max_df': 0.25, 'vectorizer__norm': 'l1', 'vectorizer__smooth_idf': True}",0.8849504355662361,0.879330943847073,0.8803818236054489,0.8838277894316252,0.8857599360894747,0.8875906526994359,0.8814601726019244,0.8896911351784997,0.8841241111274647,0.0033639810145493633,9
2.944866865873337,0.04021815770571251,0.36100393533706665,0.01612968963067495,0.1,0.25,l1,False,"{'estimator__alpha': 0.1, 'vectorizer__max_df': 0.25, 'vectorizer__norm': 'l1', 'vectorizer__smooth_idf': False}",0.8847501752277961,0.8789567987258611,0.8810257429678958,0.8836047557198522,0.8855602156980229,0.8872998287843691,0.8816180844735275,0.889468405215647,0.8840355008516214,0.0032382306631560526,13
2.9347091615200043,0.05832166234976276,0.3757801949977875,0.027533365308192035,0.1,0.25,l2,True,"{'estimator__alpha': 0.1, 'vectorizer__max_df': 0.25, 'vectorizer__norm': 'l2', 'vectorizer__smooth_idf': True}",0.8810457516339868,0.8736230723012216,0.8762722011574535,0.8783430524834105,0.8825065274151436,0.8814349412241589,0.8785158587672054,0.8860020140986908,0.879717927385159,0.0036113160239331617,25
3.0958933234214783,0.18462578531903337,0.39556965231895447,0.05787538028714335,0.1,0.25,l2,False,"{'estimator__alpha': 0.1, 'vectorizer__max_df': 0.25, 'vectorizer__norm': 'l2', 'vectorizer__smooth_idf': False}",0.8812707348949431,0.8736852649504158,0.8757112908056305,0.8776023332998089,0.8822820409803133,0.881184103811841,0.877270005986829,0.8856912859730328,0.8793371325878517,0.003683930452687035,29
2.9920024275779724,0.09557356774542322,0.369147926568985,0.029855157663326047,0.1,0.25,,True,"{'estimator__alpha': 0.1, 'vectorizer__max_df': 0.25, 'vectorizer__norm': None, 'vectorizer__smooth_idf': True}",0.867144154141027,0.8629105152154262,0.8661669165417292,0.8634023220595659,0.8677078085642317,0.8689991863303499,0.8633440514469454,0.8706191293808706,0.8662867604600182,0.0026756796320080065,93
2.9413015842437744,0.04724326555496552,0.3556133210659027,0.009142306258896941,0.1,0.25,,False,"{'estimator__alpha': 0.1, 'vectorizer__max_df': 0.25, 'vectorizer__norm': None, 'vectorizer__smooth_idf': False}",0.8659336225158882,0.8623908461306835,0.8661401579526141,0.8624482793420122,0.8665793978451314,0.868239121594144,0.8624811652435962,0.8700393820054528,0.8655314965786902,0.0026915834156166964,101
2.930390864610672,0.044764468643596456,0.3587001860141754,0.006252997086776536,0.1,0.5,l1,True,"{'estimator__alpha': 0.1, 'vectorizer__max_df': 0.5, 'vectorizer__norm': 'l1', 'vectorizer__smooth_idf': True}",0.8849504355662361,0.879330943847073,0.8803818236054489,0.8838277894316252,0.8857599360894747,0.8875906526994359,0.8814601726019244,0.8896911351784997,0.8841241111274647,0.0033639810145493633,9
2.9919268786907196,0.13457626370064396,0.38401347398757935,0.041569533916776966,0.1,0.5,l1,False,"{'estimator__alpha': 0.1, 'vectorizer__max_df': 0.5, 'vectorizer__norm': 'l1', 'vectorizer__smooth_idf': False}",0.8847501752277961,0.8789567987258611,0.8810257429678958,0.8836047557198522,0.8855602156980229,0.8872998287843691,0.8816180844735275,0.889468405215647,0.8840355008516214,0.0032382306631560526,13
3.0708395540714264,0.18728741080190622,0.3666039705276489,0.027291429235110878,0.1,0.5,l2,True,"{'estimator__alpha': 0.1, 'vectorizer__max_df': 0.5, 'vectorizer__norm': 'l2', 'vectorizer__smooth_idf': True}",0.8810457516339868,0.8736230723012216,0.8762722011574535,0.8783430524834105,0.8825065274151436,0.8814349412241589,0.8785158587672054,0.8860020140986908,0.879717927385159,0.0036113160239331617,25
2.936861366033554,0.034913594194180796,0.35986948013305664,0.012674444212594995,0.1,0.5,l2,False,"{'estimator__alpha': 0.1, 'vectorizer__max_df': 0.5, 'vectorizer__norm': 'l2', 'vectorizer__smooth_idf': False}",0.8812707348949431,0.8736852649504158,0.8757112908056305,0.8776023332998089,0.8822820409803133,0.881184103811841,0.877270005986829,0.8856912859730328,0.8793371325878517,0.003683930452687035,29
2.932446211576462,0.042590346883372945,0.3562733829021454,0.008077051071433415,0.1,0.5,,True,"{'estimator__alpha': 0.1, 'vectorizer__max_df': 0.5, 'vectorizer__norm': None, 'vectorizer__smooth_idf': True}",0.867144154141027,0.8629105152154262,0.8661669165417292,0.8634023220595659,0.8677078085642317,0.8689991863303499,0.8633440514469454,0.8706191293808706,0.8662867604600182,0.0026756796320080065,93
2.931256502866745,0.03801546622524029,0.3691778779029846,0.017727553709578455,0.1,0.5,,False,"{'estimator__alpha': 0.1, 'vectorizer__max_df': 0.5, 'vectorizer__norm': None, 'vectorizer__smooth_idf': False}",0.8659336225158882,0.8623908461306835,0.8661401579526141,0.8624482793420122,0.8665793978451314,0.868239121594144,0.8624811652435962,0.8700393820054528,0.8655314965786902,0.0026915834156166964,101
3.061834692955017,0.18960178174009532,0.3777921199798584,0.02698610148209131,0.1,0.75,l1,True,"{'estimator__alpha': 0.1, 'vectorizer__max_df': 0.75, 'vectorizer__norm': 'l1', 'vectorizer__smooth_idf': True}",0.8849504355662361,0.879330943847073,0.8803818236054489,0.8838277894316252,0.8857599360894747,0.8875906526994359,0.8814601726019244,0.8896911351784997,0.8841241111274647,0.0033639810145493633,9
3.0346457064151764,0.14304278394836983,0.3673289716243744,0.014761439888128605,0.1,0.75,l1,False,"{'estimator__alpha': 0.1, 'vectorizer__max_df': 0.75, 'vectorizer__norm': 'l1', 'vectorizer__smooth_idf': False}",0.8847501752277961,0.8789567987258611,0.8810257429678958,0.8836047557198522,0.8855602156980229,0.8872998287843691,0.8816180844735275,0.889468405215647,0.8840355008516214,0.0032382306631560526,13
2.9900652170181274,0.04867490979797714,0.3565281629562378,0.006988263725768732,0.1,0.75,l2,True,"{'estimator__alpha': 0.1, 'vectorizer__max_df': 0.75, 'vectorizer__norm': 'l2', 'vectorizer__smooth_idf': True}",0.8810457516339868,0.8736230723012216,0.8762722011574535,0.8783430524834105,0.8825065274151436,0.8814349412241589,0.8785158587672054,0.8860020140986908,0.879717927385159,0.0036113160239331617,25
2.9387867748737335,0.033829638278474655,0.3594733774662018,0.011666791441418155,0.1,0.75,l2,False,"{'estimator__alpha': 0.1, 'vectorizer__max_df': 0.75, 'vectorizer__norm': 'l2', 'vectorizer__smooth_idf': False}",0.8812707348949431,0.8736852649504158,0.8757112908056305,0.8776023332998089,0.8822820409803133,0.881184103811841,0.877270005986829,0.8856912859730328,0.8793371325878517,0.003683930452687035,29
2.961560308933258,0.061929737977079666,0.3981022536754608,0.057736034422285046,0.1,0.75,,True,"{'estimator__alpha': 0.1, 'vectorizer__max_df': 0.75, 'vectorizer__norm': None, 'vectorizer__smooth_idf': True}",0.867144154141027,0.8629105152154262,0.8661669165417292,0.8634023220595659,0.8677078085642317,0.8689991863303499,0.8633440514469454,0.8706191293808706,0.8662867604600182,0.0026756796320080065,93
3.1192656457424164,0.18946050495915426,0.3790416717529297,0.04787892704005371,0.1,0.75,,False,"{'estimator__alpha': 0.1, 'vectorizer__max_df': 0.75, 'vectorizer__norm': None, 'vectorizer__smooth_idf': False}",0.8659336225158882,0.8623908461306835,0.8661401579526141,0.8624482793420122,0.8665793978451314,0.868239121594144,0.8624811652435962,0.8700393820054528,0.8655314965786902,0.0026915834156166964,101
2.9455881118774414,0.0907268452792082,0.36038967967033386,0.010651432207036429,0.1,1.0,l1,True,"{'estimator__alpha': 0.1, 'vectorizer__max_df': 1.0, 'vectorizer__norm': 'l1', 'vectorizer__smooth_idf': True}",0.8849504355662361,0.879330943847073,0.8803818236054489,0.8838277894316252,0.8857599360894747,0.8875906526994359,0.8814601726019244,0.8896911351784997,0.8841241111274647,0.0033639810145493633,9
2.927607238292694,0.04178880848973433,0.36250656843185425,0.012700693736703801,0.1,1.0,l1,False,"{'estimator__alpha': 0.1, 'vectorizer__max_df': 1.0, 'vectorizer__norm': 'l1', 'vectorizer__smooth_idf': False}",0.8847501752277961,0.8789567987258611,0.8810257429678958,0.8836047557198522,0.8855602156980229,0.8872998287843691,0.8816180844735275,0.889468405215647,0.8840355008516214,0.0032382306631560526,13
2.928366482257843,0.059952654747835545,0.3612915575504303,0.011368091264976747,0.1,1.0,l2,True,"{'estimator__alpha': 0.1, 'vectorizer__max_df': 1.0, 'vectorizer__norm': 'l2', 'vectorizer__smooth_idf': True}",0.8810457516339868,0.8736230723012216,0.8762722011574535,0.8783430524834105,0.8825065274151436,0.8814349412241589,0.8785158587672054,0.8860020140986908,0.879717927385159,0.0036113160239331617,25
3.0200203359127045,0.1732477880352043,0.3907283842563629,0.0329682468082702,0.1,1.0,l2,False,"{'estimator__alpha': 0.1, 'vectorizer__max_df': 1.0, 'vectorizer__norm': 'l2', 'vectorizer__smooth_idf': False}",0.8812707348949431,0.8736852649504158,0.8757112908056305,0.8776023332998089,0.8822820409803133,0.881184103811841,0.877270005986829,0.8856912859730328,0.8793371325878517,0.003683930452687035,29
3.0217452347278595,0.14133939424109784,0.3622528910636902,0.012576483780229184,0.1,1.0,,True,"{'estimator__alpha': 0.1, 'vectorizer__max_df': 1.0, 'vectorizer__norm': None, 'vectorizer__smooth_idf': True}",0.867144154141027,0.8629105152154262,0.8661669165417292,0.8634023220595659,0.8677078085642317,0.8689991863303499,0.8633440514469454,0.8706191293808706,0.8662867604600182,0.0026756796320080065,93
2.937792956829071,0.0701529828104585,0.3741125166416168,0.019100332154072155,0.1,1.0,,False,"{'estimator__alpha': 0.1, 'vectorizer__max_df': 1.0, 'vectorizer__norm': None, 'vectorizer__smooth_idf': False}",0.8659336225158882,0.8623908461306835,0.8661401579526141,0.8624482793420122,0.8665793978451314,0.868239121594144,0.8624811652435962,0.8700393820054528,0.8655314965786902,0.0026915834156166964,101
3.0476953983306885,0.10153650196003727,0.37455397844314575,0.0264122438074895,1,0.25,l1,True,"{'estimator__alpha': 1, 'vectorizer__max_df': 0.25, 'vectorizer__norm': 'l1', 'vectorizer__smooth_idf': True}",0.8854520055877071,0.8836609092713916,0.8801902685561391,0.8838876717785302,0.8844351380995114,0.8901209677419355,0.8793427694744135,0.8891330403515783,0.8845278463576508,0.0035393235673855526,1
2.966569870710373,0.06721012296111323,0.36960369348526,0.016940610697557586,1,0.25,l1,False,"{'estimator__alpha': 1, 'vectorizer__max_df': 0.25, 'vectorizer__norm': 'l1', 'vectorizer__smooth_idf': False}",0.8852982246159983,0.8835963084251266,0.8801268080047553,0.8838459241564647,0.8841937412796491,0.8904565151667843,0.879255740300871,0.8892439828223311,0.8845021555964976,0.0036501353983462875,5
3.0774566531181335,0.15616171955481947,0.3952968418598175,0.04391937835313881,1,0.25,l2,True,"{'estimator__alpha': 1, 'vectorizer__max_df': 0.25, 'vectorizer__norm': 'l2', 'vectorizer__smooth_idf': True}",0.881433095803642,0.8811988563541359,0.8768686073957512,0.8833761612966989,0.8819691577698695,0.8845885286783043,0.8765723270440251,0.886992757217978,0.8816249364450506,0.003338254230074333,17
3.042792707681656,0.16138493787476904,0.3655926585197449,0.007635462847034674,1,0.25,l2,False,"{'estimator__alpha': 1, 'vectorizer__max_df': 0.25, 'vectorizer__norm': 'l2', 'vectorizer__smooth_idf': False}",0.8814565604591331,0.8812222769837358,0.8771273979340876,0.883091214546892,0.8818819808243551,0.8841664172403472,0.8771860876400078,0.8863320769688553,0.8815580015746768,0.0029773774974725417,21
2.959142744541168,0.045247769316375724,0.3587029278278351,0.005822679748238482,1,0.25,,True,"{'estimator__alpha': 1, 'vectorizer__max_df': 0.25, 'vectorizer__norm': None, 'vectorizer__smooth_idf': True}",0.87382942301883,0.8693381540624686,0.8699910062955931,0.8709417221213955,0.8752012882447665,0.8760918139345928,0.8697567324056462,0.8773699072206534,0.8728150059129933,0.0029818971269073664,57
2.9493046700954437,0.062169377586251705,0.3648856580257416,0.008698389775955188,1,0.25,,False,"{'estimator__alpha': 1, 'vectorizer__max_df': 0.25, 'vectorizer__norm': None, 'vectorizer__smooth_idf': False}",0.8731515944070013,0.8686138713238984,0.8698431725102387,0.869985889941544,0.8741575294235993,0.8752157579449689,0.8697478991596638,0.8768145161290324,0.8721912788549933,0.0028384731054005973,61
2.9700775742530823,0.04935988586539204,0.3610870838165283,0.009087754962873042,1,0.5,l1,True,"{'estimator__alpha': 1, 'vectorizer__max_df': 0.5, 'vectorizer__norm': 'l1', 'vectorizer__smooth_idf': True}",0.8854520055877071,0.8836609092713916,0.8801902685561391,0.8838876717785302,0.8844351380995114,0.8901209677419355,0.8793427694744135,0.8891330403515783,0.8845278463576508,0.0035393235673855526,1
3.208018124103546,0.2339757507119232,0.38040125370025635,0.01865894987160752,1,0.5,l1,False,"{'estimator__alpha': 1, 'vectorizer__max_df': 0.5, 'vectorizer__norm': 'l1', 'vectorizer__smooth_idf': False}",0.8852982246159983,0.8835963084251266,0.8801268080047553,0.8838459241564647,0.8841937412796491,0.8904565151667843,0.879255740300871,0.8892439828223311,0.8845021555964976,0.0036501353983462875,5
3.0079727172851562,0.05824740996860772,0.366436630487442,0.009605311999658793,1,0.5,l2,True,"{'estimator__alpha': 1, 'vectorizer__max_df': 0.5, 'vectorizer__norm': 'l2', 'vectorizer__smooth_idf': True}",0.881433095803642,0.8811988563541359,0.8768686073957512,0.8833761612966989,0.8819691577698695,0.8845885286783043,0.8765723270440251,0.886992757217978,0.8816249364450506,0.003338254230074333,17
2.9708375334739685,0.04326007948451751,0.3689437806606293,0.027873940471878387,1,0.5,l2,False,"{'estimator__alpha': 1, 'vectorizer__max_df': 0.5, 'vectorizer__norm': 'l2', 'vectorizer__smooth_idf': False}",0.8814565604591331,0.8812222769837358,0.8771273979340876,0.883091214546892,0.8818819808243551,0.8841664172403472,0.8771860876400078,0.8863320769688553,0.8815580015746768,0.0029773774974725417,21
3.0424665808677673,0.06144748129021866,0.37225398421287537,0.016232473445770054,1,0.5,,True,"{'estimator__alpha': 1, 'vectorizer__max_df': 0.5, 'vectorizer__norm': None, 'vectorizer__smooth_idf': True}",0.87382942301883,0.8693381540624686,0.8699910062955931,0.8709417221213955,0.8752012882447665,0.8760918139345928,0.8697567324056462,0.8773699072206534,0.8728150059129933,0.0029818971269073664,57
3.090143471956253,0.10947876105231885,0.3929611146450043,0.03793511061705769,1,0.5,,False,"{'estimator__alpha': 1, 'vectorizer__max_df': 0.5, 'vectorizer__norm': None, 'vectorizer__smooth_idf': False}",0.8731515944070013,0.8686138713238984,0.8698431725102387,0.869985889941544,0.8741575294235993,0.8752157579449689,0.8697478991596638,0.8768145161290324,0.8721912788549933,0.0028384731054005973,61
3.020176649093628,0.1428523903579,0.3599136173725128,0.005889873733817025,1,0.75,l1,True,"{'estimator__alpha': 1, 'vectorizer__max_df': 0.75, 'vectorizer__norm': 'l1', 'vectorizer__smooth_idf': True}",0.8854520055877071,0.8836609092713916,0.8801902685561391,0.8838876717785302,0.8844351380995114,0.8901209677419355,0.8793427694744135,0.8891330403515783,0.8845278463576508,0.0035393235673855526,1
2.920681208372116,0.04219210140370941,0.36623117327690125,0.02387023466220675,1,0.75,l1,False,"{'estimator__alpha': 1, 'vectorizer__max_df': 0.75, 'vectorizer__norm': 'l1', 'vectorizer__smooth_idf': False}",0.8852982246159983,0.8835963084251266,0.8801268080047553,0.8838459241564647,0.8841937412796491,0.8904565151667843,0.879255740300871,0.8892439828223311,0.8845021555964976,0.0036501353983462875,5
2.9229666888713837,0.03551615410552407,0.3664373457431793,0.017704484627918286,1,0.75,l2,True,"{'estimator__alpha': 1, 'vectorizer__max_df': 0.75, 'vectorizer__norm': 'l2', 'vectorizer__smooth_idf': True}",0.881433095803642,0.8811988563541359,0.8768686073957512,0.8833761612966989,0.8819691577698695,0.8845885286783043,0.8765723270440251,0.886992757217978,0.8816249364450506,0.003338254230074333,17
2.937121480703354,0.03526357004142933,0.3644936978816986,0.013385341247050526,1,0.75,l2,False,"{'estimator__alpha': 1, 'vectorizer__max_df': 0.75, 'vectorizer__norm': 'l2', 'vectorizer__smooth_idf': False}",0.8814565604591331,0.8812222769837358,0.8771273979340876,0.883091214546892,0.8818819808243551,0.8841664172403472,0.8771860876400078,0.8863320769688553,0.8815580015746768,0.0029773774974725417,21
3.1089950501918793,0.21322377569182613,0.3695499897003174,0.01558029313023105,1,0.75,,True,"{'estimator__alpha': 1, 'vectorizer__max_df': 0.75, 'vectorizer__norm': None, 'vectorizer__smooth_idf': True}",0.87382942301883,0.8693381540624686,0.8699910062955931,0.8709417221213955,0.8752012882447665,0.8760918139345928,0.8697567324056462,0.8773699072206534,0.8728150059129933,0.0029818971269073664,57
2.930174797773361,0.03982828672157495,0.36415696144104004,0.021301298724790314,1,0.75,,False,"{'estimator__alpha': 1, 'vectorizer__max_df': 0.75, 'vectorizer__norm': None, 'vectorizer__smooth_idf': False}",0.8731515944070013,0.8686138713238984,0.8698431725102387,0.869985889941544,0.8741575294235993,0.8752157579449689,0.8697478991596638,0.8768145161290324,0.8721912788549933,0.0028384731054005973,61
2.9416519105434418,0.04406923350684566,0.356790691614151,0.010902565064617623,1,1.0,l1,True,"{'estimator__alpha': 1, 'vectorizer__max_df': 1.0, 'vectorizer__norm': 'l1', 'vectorizer__smooth_idf': True}",0.8854520055877071,0.8836609092713916,0.8801902685561391,0.8838876717785302,0.8844351380995114,0.8901209677419355,0.8793427694744135,0.8891330403515783,0.8845278463576508,0.0035393235673855526,1
2.930615186691284,0.040443926539609716,0.3565332591533661,0.01888184643747539,1,1.0,l1,False,"{'estimator__alpha': 1, 'vectorizer__max_df': 1.0, 'vectorizer__norm': 'l1', 'vectorizer__smooth_idf': False}",0.8852982246159983,0.8835963084251266,0.8801268080047553,0.8838459241564647,0.8841937412796491,0.8904565151667843,0.879255740300871,0.8892439828223311,0.8845021555964976,0.0036501353983462875,5
2.940152585506439,0.04649422955507316,0.3782932162284851,0.03914290100647849,1,1.0,l2,True,"{'estimator__alpha': 1, 'vectorizer__max_df': 1.0, 'vectorizer__norm': 'l2', 'vectorizer__smooth_idf': True}",0.881433095803642,0.8811988563541359,0.8768686073957512,0.8833761612966989,0.8819691577698695,0.8845885286783043,0.8765723270440251,0.886992757217978,0.8816249364450506,0.003338254230074333,17
3.124801129102707,0.2006025710780323,0.3557610511779785,0.01825691611089908,1,1.0,l2,False,"{'estimator__alpha': 1, 'vectorizer__max_df': 1.0, 'vectorizer__norm': 'l2', 'vectorizer__smooth_idf': False}",0.8814565604591331,0.8812222769837358,0.8771273979340876,0.883091214546892,0.8818819808243551,0.8841664172403472,0.8771860876400078,0.8863320769688553,0.8815580015746768,0.0029773774974725417,21
2.925536870956421,0.027392300918597623,0.35909733176231384,0.020188534518217192,1,1.0,,True,"{'estimator__alpha': 1, 'vectorizer__max_df': 1.0, 'vectorizer__norm': None, 'vectorizer__smooth_idf': True}",0.87382942301883,0.8693381540624686,0.8699910062955931,0.8709417221213955,0.8752012882447665,0.8760918139345928,0.8697567324056462,0.8773699072206534,0.8728150059129933,0.0029818971269073664,57
2.91709965467453,0.028246103505140514,0.36322280764579773,0.015777116482338722,1,1.0,,False,"{'estimator__alpha': 1, 'vectorizer__max_df': 1.0, 'vectorizer__norm': None, 'vectorizer__smooth_idf': False}",0.8731515944070013,0.8686138713238984,0.8698431725102387,0.869985889941544,0.8741575294235993,0.8752157579449689,0.8697478991596638,0.8768145161290324,0.8721912788549933,0.0028384731054005973,61
2.933183938264847,0.028923260700238238,0.36676326394081116,0.016043570904113496,10,0.25,l1,True,"{'estimator__alpha': 10, 'vectorizer__max_df': 0.25, 'vectorizer__norm': 'l1', 'vectorizer__smooth_idf': True}",0.880840420210105,0.8792914717882376,0.8783205651178987,0.8770638551820171,0.87634838194167,0.880743209128547,0.8759428344581183,0.8835301180708425,0.8790101069871795,0.0024397658939474738,33
3.053549498319626,0.22026081297382813,0.3855403661727905,0.03376539930638583,10,0.25,l1,False,"{'estimator__alpha': 10, 'vectorizer__max_df': 0.25, 'vectorizer__norm': 'l1', 'vectorizer__smooth_idf': False}",0.880840420210105,0.8793154909959209,0.8782089552238806,0.8770638551820171,0.8764852720918622,0.8806542810985459,0.8759674538598928,0.8832883288328833,0.8789780071868885,0.002358596587948541,37
3.0728733837604523,0.21751268848742408,0.36503252387046814,0.01812442468762291,10,0.25,l2,True,"{'estimator__alpha': 10, 'vectorizer__max_df': 0.25, 'vectorizer__norm': 'l2', 'vectorizer__smooth_idf': True}",0.8726465192623346,0.8690556249399558,0.8671221014144135,0.8691310609697551,0.8687355435620663,0.872373540856031,0.8672922252010725,0.8751571414756792,0.8701892197101635,0.0026881110890825564,77
2.982319414615631,0.06341167020563039,0.359176367521286,0.015665938895791244,10,0.25,l2,False,"{'estimator__alpha': 10, 'vectorizer__max_df': 0.25, 'vectorizer__norm': 'l2', 'vectorizer__smooth_idf': False}",0.8723096226232989,0.8690224697522565,0.8668974802846702,0.8691561870020158,0.8685934489402697,0.8723135271807838,0.8669856459330143,0.8748187530207829,0.8700121418421365,0.0026519779558980376,81
2.9706422984600067,0.08037531051847287,0.36063048243522644,0.01819632566287612,10,0.25,,True,"{'estimator__alpha': 10, 'vectorizer__max_df': 0.25, 'vectorizer__norm': None, 'vectorizer__smooth_idf': True}",0.877398826687879,0.8752726551655761,0.875729115175482,0.8779566686543432,0.8771755345599205,0.8807302638178354,0.874913614374568,0.8809405200757198,0.8775146498139155,0.002161614402050012,41
2.9117355048656464,0.049203118198889347,0.364172101020813,0.023199606165119437,10,0.25,,False,"{'estimator__alpha': 10, 'vectorizer__max_df': 0.25, 'vectorizer__norm': None, 'vectorizer__smooth_idf': False}",0.8777236095910855,0.8748389654147259,0.8753955696202531,0.8770744310841697,0.8770744310841697,0.879839518555667,0.8747408942848682,0.8804542737597131,0.8771427116743316,0.002022203520492378,49
3.0242083370685577,0.15998312093345468,0.3817581534385681,0.044561726081936766,10,0.5,l1,True,"{'estimator__alpha': 10, 'vectorizer__max_df': 0.5, 'vectorizer__norm': 'l1', 'vectorizer__smooth_idf': True}",0.880840420210105,0.8792914717882376,0.8783205651178987,0.8770638551820171,0.87634838194167,0.880743209128547,0.8759428344581183,0.8835301180708425,0.8790101069871795,0.0024397658939474738,33
3.0891225039958954,0.19303453546490845,0.36444100737571716,0.017079120406760094,10,0.5,l1,False,"{'estimator__alpha': 10, 'vectorizer__max_df': 0.5, 'vectorizer__norm': 'l1', 'vectorizer__smooth_idf': False}",0.880840420210105,0.8793154909959209,0.8782089552238806,0.8770638551820171,0.8764852720918622,0.8806542810985459,0.8759674538598928,0.8832883288328833,0.8789780071868885,0.002358596587948541,37
2.986660063266754,0.03485753628346852,0.3547416627407074,0.012230126151143722,10,0.5,l2,True,"{'estimator__alpha': 10, 'vectorizer__max_df': 0.5, 'vectorizer__norm': 'l2', 'vectorizer__smooth_idf': True}",0.8726465192623346,0.8690556249399558,0.8671221014144135,0.8691310609697551,0.8687355435620663,0.872373540856031,0.8672922252010725,0.8751571414756792,0.8701892197101635,0.0026881110890825564,77
2.9481445848941803,0.05551797993275673,0.3556411564350128,0.013873258885203528,10,0.5,l2,False,"{'estimator__alpha': 10, 'vectorizer__max_df': 0.5, 'vectorizer__norm': 'l2', 'vectorizer__smooth_idf': False}",0.8723096226232989,0.8690224697522565,0.8668974802846702,0.8691561870020158,0.8685934489402697,0.8723135271807838,0.8669856459330143,0.8748187530207829,0.8700121418421365,0.0026519779558980376,81
2.9722874760627747,0.12497650079315202,0.36638909578323364,0.02619980520057701,10,0.5,,True,"{'estimator__alpha': 10, 'vectorizer__max_df': 0.5, 'vectorizer__norm': None, 'vectorizer__smooth_idf': True}",0.877398826687879,0.8752726551655761,0.875729115175482,0.8779566686543432,0.8771755345599205,0.8807302638178354,0.874913614374568,0.8809405200757198,0.8775146498139155,0.002161614402050012,41
3.0905361771583557,0.19326420759945304,0.3723951578140259,0.029368656188622704,10,0.5,,False,"{'estimator__alpha': 10, 'vectorizer__max_df': 0.5, 'vectorizer__norm': None, 'vectorizer__smooth_idf': False}",0.8777236095910855,0.8748389654147259,0.8753955696202531,0.8770744310841697,0.8770744310841697,0.879839518555667,0.8747408942848682,0.8804542737597131,0.8771427116743316,0.002022203520492378,49
2.925039052963257,0.03612501348969227,0.34924858808517456,0.01431443002102185,10,0.75,l1,True,"{'estimator__alpha': 10, 'vectorizer__max_df': 0.75, 'vectorizer__norm': 'l1', 'vectorizer__smooth_idf': True}",0.880840420210105,0.8792914717882376,0.8783205651178987,0.8770638551820171,0.87634838194167,0.880743209128547,0.8759428344581183,0.8835301180708425,0.8790101069871795,0.0024397658939474738,33
2.9371677339076996,0.040387103061110756,0.3628057539463043,0.016958311072577933,10,0.75,l1,False,"{'estimator__alpha': 10, 'vectorizer__max_df': 0.75, 'vectorizer__norm': 'l1', 'vectorizer__smooth_idf': False}",0.880840420210105,0.8793154909959209,0.8782089552238806,0.8770638551820171,0.8764852720918622,0.8806542810985459,0.8759674538598928,0.8832883288328833,0.8789780071868885,0.002358596587948541,37
2.924926459789276,0.025580299987555247,0.36336031556129456,0.015582071680709743,10,0.75,l2,True,"{'estimator__alpha': 10, 'vectorizer__max_df': 0.75, 'vectorizer__norm': 'l2', 'vectorizer__smooth_idf': True}",0.8726465192623346,0.8690556249399558,0.8671221014144135,0.8691310609697551,0.8687355435620663,0.872373540856031,0.8672922252010725,0.8751571414756792,0.8701892197101635,0.0026881110890825564,77
2.946288228034973,0.04845164560626011,0.3754883110523224,0.034003871302743495,10,0.75,l2,False,"{'estimator__alpha': 10, 'vectorizer__max_df': 0.75, 'vectorizer__norm': 'l2', 'vectorizer__smooth_idf': False}",0.8723096226232989,0.8690224697522565,0.8668974802846702,0.8691561870020158,0.8685934489402697,0.8723135271807838,0.8669856459330143,0.8748187530207829,0.8700121418421365,0.0026519779558980376,81
3.1109401881694794,0.2231834214112759,0.3607412278652191,0.015389788024156414,10,0.75,,True,"{'estimator__alpha': 10, 'vectorizer__max_df': 0.75, 'vectorizer__norm': None, 'vectorizer__smooth_idf': True}",0.877398826687879,0.8752726551655761,0.875729115175482,0.8779566686543432,0.8771755345599205,0.8807302638178354,0.874913614374568,0.8809405200757198,0.8775146498139155,0.002161614402050012,41
2.921185463666916,0.03233586251157158,0.3626813292503357,0.01702941300793211,10,0.75,,False,"{'estimator__alpha': 10, 'vectorizer__max_df': 0.75, 'vectorizer__norm': None, 'vectorizer__smooth_idf': False}",0.8777236095910855,0.8748389654147259,0.8753955696202531,0.8770744310841697,0.8770744310841697,0.879839518555667,0.8747408942848682,0.8804542737597131,0.8771427116743316,0.002022203520492378,49
2.9282546639442444,0.03918295258135923,0.3583581745624542,0.009708457785761371,10,1.0,l1,True,"{'estimator__alpha': 10, 'vectorizer__max_df': 1.0, 'vectorizer__norm': 'l1', 'vectorizer__smooth_idf': True}",0.880840420210105,0.8792914717882376,0.8783205651178987,0.8770638551820171,0.87634838194167,0.880743209128547,0.8759428344581183,0.8835301180708425,0.8790101069871795,0.0024397658939474738,33
2.9536662101745605,0.04764462983230532,0.37938353419303894,0.013999496117983984,10,1.0,l1,False,"{'estimator__alpha': 10, 'vectorizer__max_df': 1.0, 'vectorizer__norm': 'l1', 'vectorizer__smooth_idf': False}",0.880840420210105,0.8793154909959209,0.8782089552238806,0.8770638551820171,0.8764852720918622,0.8806542810985459,0.8759674538598928,0.8832883288328833,0.8789780071868885,0.002358596587948541,37
3.1630974411964417,0.209408443033912,0.4038941562175751,0.055177785444691076,10,1.0,l2,True,"{'estimator__alpha': 10, 'vectorizer__max_df': 1.0, 'vectorizer__norm': 'l2', 'vectorizer__smooth_idf': True}",0.8726465192623346,0.8690556249399558,0.8671221014144135,0.8691310609697551,0.8687355435620663,0.872373540856031,0.8672922252010725,0.8751571414756792,0.8701892197101635,0.0026881110890825564,77
3.015312761068344,0.05604104372023375,0.3618403375148773,0.010322804151881915,10,1.0,l2,False,"{'estimator__alpha': 10, 'vectorizer__max_df': 1.0, 'vectorizer__norm': 'l2', 'vectorizer__smooth_idf': False}",0.8723096226232989,0.8690224697522565,0.8668974802846702,0.8691561870020158,0.8685934489402697,0.8723135271807838,0.8669856459330143,0.8748187530207829,0.8700121418421365,0.0026519779558980376,81
2.928934872150421,0.05805469227228456,0.36286649107933044,0.012284727514066354,10,1.0,,True,"{'estimator__alpha': 10, 'vectorizer__max_df': 1.0, 'vectorizer__norm': None, 'vectorizer__smooth_idf': True}",0.877398826687879,0.8752726551655761,0.875729115175482,0.8779566686543432,0.8771755345599205,0.8807302638178354,0.874913614374568,0.8809405200757198,0.8775146498139155,0.002161614402050012,41
2.8679128885269165,0.08216265838494939,0.3220379948616028,0.04576067647447693,10,1.0,,False,"{'estimator__alpha': 10, 'vectorizer__max_df': 1.0, 'vectorizer__norm': None, 'vectorizer__smooth_idf': False}",0.8777236095910855,0.8748389654147259,0.8753955696202531,0.8770744310841697,0.8770744310841697,0.879839518555667,0.8747408942848682,0.8804542737597131,0.8771427116743316,0.002022203520492378,49
